country,country_code,dhs_phase,sex,year,n_sti_respondents,n_sought_treatment,pct_sought_treatment_unweighted,pct_sought_treatment_weighted
Ethiopia,ET,4,male,1992,47,24,51.1,50.5
Ethiopia,ET,5,female,1997,178,68,38.2,40
Ethiopia,ET,5,male,1997,57,31,54.4,51.8
Zimbabwe,ZW,4,female,1999,329,249,75.7,73.3
Zimbabwe,ZW,4,male,1999,125,115,92,88.4
Malawi,MW,4,female,2000,1257,813,64.7,63
Malawi,MW,4,male,2000,237,149,62.9,61.2
Namibia,NM,4,male,2000,53,47,88.7,90.2
Rwanda,RW,4,female,2000,226,117,51.8,48.8
Rwanda,RW,4,male,2000,44,28,63.6,60.9
Uganda,UG,4,female,2000,520,347,66.7,64.7
Uganda,UG,4,male,2000,43,34,79.1,77.4
Benin,BJ,4,female,2001,160,125,78.1,78.2
Benin,BJ,4,male,2001,96,75,78.1,77.9
Mali,ML,4,female,2001,2863,1480,51.7,53.3
Mali,ML,4,male,2001,180,117,65,64.1
Uganda,UG,4,female,2001,535,364,68,63.4
Uganda,UG,4,male,2001,48,34,70.8,69.7
Zambia,ZM,4,female,2001,94,57,60.6,59.8
Zambia,ZM,4,male,2001,37,27,73,71.5
Zambia,ZM,4,female,2002,267,193,72.3,72.5
Zambia,ZM,4,male,2002,101,71,70.3,71.3
Burkina Faso,BF,4,female,2003,487,338,69.4,68.6
Burkina Faso,BF,4,male,2003,70,40,57.1,46
Ethiopia,ET,6,female,2003,376,150,39.9,36.3
Ethiopia,ET,6,male,2003,225,108,48,43.1
Ghana,GH,4,female,2003,388,213,54.9,58.3
Ghana,GH,4,male,2003,157,108,68.8,69.3
Kenya,KE,4,female,2003,281,194,69,71.3
Kenya,KE,4,male,2003,85,79,92.9,90.8
Madagascar,MD,4,female,2003,94,80,85.1,79.1
Madagascar,MD,4,male,2003,43,40,93,90.7
Mozambique,MZ,4,female,2003,1013,759,74.9,73.7
Mozambique,MZ,4,male,2003,184,153,83.2,84
Nigeria,NG,4,female,2003,266,177,66.5,68.2
Nigeria,NG,4,male,2003,67,60,89.6,92.7
Tanzania,TZ,4,female,2003,178,137,77,78.1
Cameroon,CM,4,female,2004,1179,822,69.7,70.4
Cameroon,CM,4,male,2004,364,318,87.4,86.5
Chad,TD,4,female,2004,376,261,69.4,65
Chad,TD,4,male,2004,72,64,88.9,88.4
Lesotho,LS,4,female,2004,857,605,70.6,70.7
Lesotho,LS,4,male,2004,234,159,67.9,64.8
Madagascar,MD,4,female,2004,157,130,82.8,73.5
Madagascar,MD,4,male,2004,57,50,87.7,74.7
Malawi,MW,4,female,2004,649,382,58.9,59.8
Malawi,MW,4,male,2004,135,59,43.7,43.2
Mozambique,MZ,4,female,2004,7,7,100,100
Mozambique,MZ,4,male,2004,3,3,100,100
Tanzania,TZ,4,female,2004,707,547,77.4,76.1
Tanzania,TZ,4,male,2004,66,55,83.3,85.8
Congo,CG,5,female,2005,1270,900,70.9,69.1
Congo,CG,5,male,2005,255,204,80,81.9
Cote d'Ivoire,CI,5,female,2005,1243,690,55.5,55.9
Guinea,GN,5,female,2005,2117,1435,67.8,70.1
Guinea,GN,5,male,2005,215,175,81.4,81.5
Lesotho,LS,4,female,2005,67,41,61.2,56.6
Lesotho,LS,4,male,2005,28,19,67.9,73
Malawi,MW,4,female,2005,176,112,63.6,65.7
Malawi,MW,4,male,2005,15,6,40,22.5
Rwanda,RW,5,female,2005,391,202,51.7,51.2
Rwanda,RW,5,male,2005,89,48,53.9,54.8
Senegal,SN,4,female,2005,1230,779,63.3,67.2
Senegal,SN,4,male,2005,73,43,58.9,54.4
Tanzania,TZ,4,female,2005,122,89,73,71.2
Tanzania,TZ,4,male,2005,38,32,84.2,79.5
Zimbabwe,ZW,5,female,2005,512,332,64.8,67.1
Zimbabwe,ZW,5,male,2005,322,231,71.7,73
Benin,BJ,5,female,2006,863,524,60.7,60.6
Benin,BJ,5,male,2006,105,91,86.7,85.8
Eswatini,SZ,5,female,2006,377,288,76.4,77.1
Eswatini,SZ,5,male,2006,239,200,83.7,83.3
Liberia,LB,5,female,2006,156,115,73.7,76.6
Liberia,LB,5,male,2006,101,74,73.3,73.9
Mali,ML,5,female,2006,2329,1328,57,59.6
Mali,ML,5,male,2006,166,112,67.5,69.9
Namibia,NM,5,female,2006,155,100,64.5,66.1
Namibia,NM,5,male,2006,38,25,65.8,72.8
Niger,NI,5,female,2006,226,100,44.2,38.2
Niger,NI,5,male,2006,74,37,50,46.3
Uganda,UG,5,female,2006,1520,1012,66.6,67.8
Uganda,UG,5,male,2006,232,186,80.2,82.8
Zimbabwe,ZW,5,female,2006,151,94,62.3,64.7
Zimbabwe,ZW,5,male,2006,63,51,81,81.6
DRC,CD,5,female,2007,642,433,67.4,58
DRC,CD,5,male,2007,320,222,69.4,67.4
Eswatini,SZ,5,female,2007,114,98,86,89.3
Eswatini,SZ,5,male,2007,67,58,86.6,86.6
Liberia,LB,5,female,2007,2009,1624,80.8,81.2
Liberia,LB,5,male,2007,837,641,76.6,77.6
Namibia,NM,5,female,2007,371,288,77.6,75.4
Namibia,NM,5,male,2007,71,53,74.6,71.2
Tanzania,TZ,5,female,2007,468,332,70.9,73
Zambia,ZM,5,female,2007,287,211,73.5,74.1
Zambia,ZM,5,male,2007,299,247,82.6,82.2
Ethiopia,ET,7,female,2008,443,160,36.1,33.3
Ethiopia,ET,7,male,2008,229,102,44.5,35.5
Ghana,GH,5,female,2008,729,406,55.7,59.2
Ghana,GH,5,male,2008,209,140,67,69.9
Kenya,KE,5,female,2008,225,152,67.6,70.9
Kenya,KE,5,male,2008,29,27,93.1,89.3
Madagascar,MD,5,female,2008,58,39,67.2,66.1
Madagascar,MD,5,male,2008,58,44,75.9,82.6
Nigeria,NG,5,female,2008,1389,773,55.7,58.9
Nigeria,NG,5,male,2008,334,245,73.4,75.3
Sao Tome,ST,5,female,2008,255,227,89,87
Sao Tome,ST,5,male,2008,52,33,63.5,63.1
Sierra Leone,SL,5,female,2008,1327,747,56.3,55.1
Sierra Leone,SL,5,male,2008,288,229,79.5,80.1
Tanzania,TZ,5,female,2008,184,134,72.8,76.3
Congo,CG,5,female,2009,2183,1637,75,79.4
Kenya,KE,5,female,2009,190,126,66.3,67.2
Kenya,KE,5,male,2009,33,28,84.8,76.9
Lesotho,LS,6,female,2009,865,609,70.4,70.5
Lesotho,LS,6,male,2009,315,206,65.4,65.4
Madagascar,MD,5,female,2009,207,141,68.1,67.2
Madagascar,MD,5,male,2009,222,160,72.1,71.4
Mozambique,MZ,5,female,2009,582,473,81.3,78.8
Sao Tome,ST,5,female,2009,25,17,68,66.2
Sao Tome,ST,5,male,2009,5,3,60,50.4
Tanzania,TZ,6,female,2009,59,39,66.1,65.7
Tanzania,TZ,6,male,2009,8,5,62.5,50.7
Burkina Faso,BF,6,female,2010,1556,827,53.1,51.7
Burkina Faso,BF,6,male,2010,71,45,63.4,60.3
Burundi,BU,6,female,2010,595,281,47.2,46.1
Burundi,BU,6,male,2010,117,64,54.7,52.8
Lesotho,LS,6,female,2010,119,91,76.5,77.2
Lesotho,LS,6,male,2010,61,41,67.2,64.9
Malawi,MW,6,female,2010,2159,1258,58.3,56.8
Malawi,MW,6,male,2010,381,199,52.2,50.6
Rwanda,RW,6,female,2010,460,265,57.6,58.4
Rwanda,RW,6,male,2010,198,87,43.9,44.1
Senegal,SN,6,female,2010,585,349,59.7,65.1
Senegal,SN,6,male,2010,30,19,63.3,58
Tanzania,TZ,6,female,2010,397,281,70.8,71.6
Tanzania,TZ,6,male,2010,92,74,80.4,78.2
Zimbabwe,ZW,6,female,2010,409,211,51.6,47.5
Zimbabwe,ZW,6,male,2010,222,119,53.6,54.7
Benin,BJ,6,female,2011,228,139,61,61.7
Benin,BJ,6,male,2011,47,22,46.8,47.9
Burundi,BU,6,female,2011,70,54,77.1,74.9
Burundi,BU,6,male,2011,13,10,76.9,76.8
Cameroon,CM,6,female,2011,978,717,73.3,73.7
Cameroon,CM,6,male,2011,467,371,79.4,80
Congo,CG,6,female,2011,1566,1148,73.3,74.1
Congo,CG,6,male,2011,453,400,88.3,82.3
Cote d'Ivoire,CI,6,female,2011,290,206,71,70.5
Cote d'Ivoire,CI,6,male,2011,49,30,61.2,57.6
Mozambique,MZ,6,female,2011,975,632,64.8,61.6
Mozambique,MZ,6,male,2011,273,201,73.6,72.1
Rwanda,RW,6,female,2011,312,197,63.1,61.9
Rwanda,RW,6,male,2011,145,67,46.2,43.1
Senegal,SN,6,female,2011,824,420,51,53.7
Senegal,SN,6,male,2011,53,35,66,57.3
Tanzania,TZ,6,female,2011,129,90,69.8,70.1
Uganda,UG,6,female,2011,6638,4360,65.7,65.7
Uganda,UG,6,male,2011,236,169,71.6,73.7
Zimbabwe,ZW,6,female,2011,316,165,52.2,52
Zimbabwe,ZW,6,male,2011,165,105,63.6,60.5
Benin,BJ,6,female,2012,942,513,54.5,54.7
Benin,BJ,6,male,2012,377,166,44,44.3
Comoros,KM,6,female,2012,402,240,59.7,56.5
Comoros,KM,6,male,2012,94,66,70.2,73.4
Congo,CG,6,female,2012,208,157,75.5,83.1
Congo,CG,6,male,2012,83,74,89.2,91.7
Cote d'Ivoire,CI,6,female,2012,2125,1159,54.5,54
Cote d'Ivoire,CI,6,male,2012,264,207,78.4,81.6
Gabon,GA,6,female,2012,1773,1212,68.4,70.3
Gabon,GA,6,male,2012,347,285,82.1,78.4
Guinea,GN,6,female,2012,2915,1629,55.9,58
Guinea,GN,6,male,2012,360,260,72.2,67.6
Mali,ML,6,female,2012,1657,902,54.4,53.6
Mali,ML,6,male,2012,182,81,44.5,44.6
Niger,NI,6,female,2012,588,287,48.8,44
Niger,NI,6,male,2012,24,18,75,68.3
Tanzania,TZ,6,female,2012,908,639,70.4,71.3
DRC,CD,6,female,2013,2202,1363,61.9,64.6
DRC,CD,6,male,2013,482,319,66.2,64.6
Gambia,GM,6,female,2013,543,387,71.3,72
Gambia,GM,6,male,2013,70,48,68.6,68.6
Liberia,LB,6,female,2013,3896,3413,87.6,89.9
Liberia,LB,6,male,2013,630,557,88.4,88.9
Mali,ML,6,female,2013,822,405,49.3,48.7
Mali,ML,6,male,2013,113,39,34.5,33.3
Namibia,NM,6,female,2013,867,601,69.3,69.7
Namibia,NM,6,male,2013,228,172,75.4,71.4
Nigeria,NG,6,female,2013,2458,1749,71.2,71.8
Nigeria,NG,6,male,2013,429,346,80.7,79.6
Sierra Leone,SL,6,female,2013,3230,2449,75.8,73.9
Sierra Leone,SL,6,male,2013,798,674,84.5,85.1
Togo,TG,6,female,2013,691,425,61.5,62.9
Togo,TG,6,male,2013,60,41,68.3,70.1
Zambia,ZM,6,female,2013,362,254,70.2,70.8
Zambia,ZM,6,male,2013,458,376,82.1,81.5
Chad,TD,7,female,2014,157,88,56.1,59.4
Chad,TD,7,male,2014,35,26,74.3,68.5
DRC,CD,6,female,2014,617,377,61.1,56.5
DRC,CD,6,male,2014,160,123,76.9,70.7
Ghana,GH,7,female,2014,1974,1385,70.2,72.9
Ghana,GH,7,male,2014,327,229,70,75.4
Kenya,KE,7,female,2014,671,496,73.9,74.6
Kenya,KE,7,male,2014,230,193,83.9,84.2
Lesotho,LS,7,female,2014,846,652,77.1,77.2
Lesotho,LS,7,male,2014,281,177,63,67.6
Rwanda,RW,7,female,2014,558,276,49.5,49
Rwanda,RW,7,male,2014,78,49,62.8,61.6
Togo,TG,6,female,2014,900,468,52,52.3
Togo,TG,6,male,2014,60,39,65,67
Zambia,ZM,6,female,2014,209,158,75.6,72.9
Zambia,ZM,6,male,2014,215,170,79.1,80.6
Angola,AO,7,female,2015,920,540,58.7,65.8
Angola,AO,7,male,2015,213,122,57.3,60.2
Chad,TD,7,female,2015,325,111,34.2,39.4
Chad,TD,7,male,2015,42,33,78.6,76.4
Malawi,MW,7,female,2015,1978,1063,53.7,51.4
Malawi,MW,7,male,2015,376,173,46,45.1
Mozambique,MZ,7,female,2015,553,443,80.1,78.7
Mozambique,MZ,7,male,2015,335,290,86.6,85.3
Rwanda,RW,7,female,2015,857,537,62.7,63.1
Rwanda,RW,7,male,2015,139,85,61.2,63.3
Senegal,SN,7,female,2015,1231,545,44.3,46
Senegal,SN,7,male,2015,61,25,41,62.9
Zimbabwe,ZW,7,female,2015,676,357,52.8,51.9
Zimbabwe,ZW,7,male,2015,550,249,45.3,44.7
Angola,AO,7,female,2016,617,320,51.9,54.5
Angola,AO,7,male,2016,189,99,52.4,66.3
Burundi,BU,7,female,2016,753,435,57.8,56.7
Burundi,BU,7,male,2016,153,82,53.6,52
Malawi,MW,7,female,2016,879,487,55.4,52.8
Malawi,MW,7,male,2016,153,94,61.4,59.2
South Africa,ZA,7,female,2016,952,679,71.3,70.1
South Africa,ZA,7,male,2016,233,154,66.1,62.6
Uganda,UG,7,female,2016,3736,2677,71.7,73.9
Uganda,UG,7,male,2016,602,380,63.1,66.1
Benin,BJ,7,female,2017,535,211,39.4,40.2
Benin,BJ,7,male,2017,178,89,50,52.8
Burundi,BU,7,female,2017,522,319,61.1,57.7
Burundi,BU,7,male,2017,116,61,52.6,50.6
Senegal,SN,7,female,2017,1933,911,47.1,52.5
Senegal,SN,7,male,2017,61,28,45.9,43.3
Benin,BJ,7,female,2018,585,230,39.3,37.5
Benin,BJ,7,male,2018,113,62,54.9,54.4
Cameroon,CM,7,female,2018,2143,1196,55.8,56.9
Cameroon,CM,7,male,2018,597,301,50.4,50.2
Guinea,GN,7,female,2018,3056,2181,71.4,72.8
Guinea,GN,7,male,2018,327,208,63.6,64.1
Mali,ML,7,female,2018,2793,1564,56,58.5
Mali,ML,7,male,2018,174,94,54,55.4
Nigeria,NG,7,female,2018,5156,2799,54.3,55.7
Nigeria,NG,7,male,2018,692,339,49,45.8
Zambia,ZM,7,female,2018,612,389,63.6,63.1
Zambia,ZM,7,male,2018,695,504,72.5,72.7
Cameroon,CM,7,female,2019,3,3,100,100
Cameroon,CM,7,male,2019,3,2,66.7,75.8
Gabon,GA,7,female,2019,98,70,71.4,73.9
Gabon,GA,7,male,2019,87,61,70.1,71.6
Gambia,GM,8,female,2019,261,188,72,71.9
Gambia,GM,8,male,2019,42,24,57.1,62.5
Liberia,LB,7,female,2019,1895,1589,83.9,85.1
Liberia,LB,7,male,2019,389,314,80.7,78.2
Mauritania,MR,7,female,2019,664,247,37.2,37.6
Mauritania,MR,7,male,2019,42,14,33.3,35.9
Rwanda,RW,8,female,2019,363,240,66.1,65.5
Rwanda,RW,8,male,2019,70,38,54.3,52.3
Sierra Leone,SL,7,female,2019,2994,2209,73.8,74.2
Sierra Leone,SL,7,male,2019,827,615,74.4,74.9
Zambia,ZM,7,female,2019,16,11,68.8,70.8
Zambia,ZM,7,male,2019,11,7,63.6,67.4
Gabon,GA,7,female,2020,477,289,60.6,60.9
Gabon,GA,7,male,2020,285,177,62.1,60
Gambia,GM,8,female,2020,824,508,61.7,65.8
Gambia,GM,8,male,2020,126,73,57.9,55.8
Liberia,LB,7,female,2020,1529,1269,83,83.2
Liberia,LB,7,male,2020,333,281,84.4,84
Mauritania,MR,7,female,2020,1709,638,37.3,35.1
Mauritania,MR,7,male,2020,70,17,24.3,24.8
Rwanda,RW,8,female,2020,1033,713,69,68.3
Rwanda,RW,8,male,2020,224,153,68.3,68.8
Burkina Faso,BF,8,female,2021,0,0,,
Burkina Faso,BF,8,male,2021,0,0,,
Cote d'Ivoire,CI,8,female,2021,0,0,,
Cote d'Ivoire,CI,8,male,2021,0,0,,
Gabon,GA,7,female,2021,458,277,60.5,71.5
Gabon,GA,7,male,2021,149,110,73.8,83.6
Madagascar,MD,8,female,2021,1111,642,57.8,57.8
Madagascar,MD,8,male,2021,423,330,78,77.7
Mauritania,MR,7,female,2021,395,210,53.2,54.3
Mauritania,MR,7,male,2021,30,8,26.7,23.7
Ghana,GH,8,female,2022,0,0,,
Ghana,GH,8,male,2022,0,0,,
Kenya,KE,8,female,2022,0,0,,
Kenya,KE,8,male,2022,0,0,,
Mozambique,MZ,8,female,2022,0,0,,
Mozambique,MZ,8,male,2022,0,0,,
Tanzania,TZ,8,female,2022,0,0,,
Tanzania,TZ,8,male,2022,0,0,,
Angola,AO,8,female,2023,0,0,,
Angola,AO,8,male,2023,0,0,,
DRC,CD,8,female,2023,0,0,,
DRC,CD,8,male,2023,0,0,,
Ghana,GH,8,female,2023,0,0,,
Ghana,GH,8,male,2023,0,0,,
Lesotho,LS,8,female,2023,0,0,,
Lesotho,LS,8,male,2023,0,0,,
Mali,ML,8,female,2023,0,0,,
Mali,ML,8,male,2023,0,0,,
Mozambique,MZ,8,female,2023,0,0,,
Mozambique,MZ,8,male,2023,0,0,,
Nigeria,NG,8,female,2023,1050,712,67.8,66.7
Nigeria,NG,8,male,2023,158,105,66.5,68.1
Senegal,SN,8,female,2023,0,0,,
Senegal,SN,8,male,2023,0,0,,
Angola,AO,8,female,2024,0,0,,
Angola,AO,8,male,2024,0,0,,
DRC,CD,8,female,2024,0,0,,
DRC,CD,8,male,2024,0,0,,
Lesotho,LS,8,female,2024,0,0,,
Lesotho,LS,8,male,2024,0,0,,
Malawi,MW,8,female,2024,0,0,,
Malawi,MW,8,male,2024,0,0,,
Mali,ML,8,female,2024,0,0,,
Mali,ML,8,male,2024,0,0,,
Nigeria,NG,8,female,2024,6302,3793,60.2,58.7
Nigeria,NG,8,male,2024,954,753,78.9,81
Zambia,ZM,8,female,2024,0,0,,
Zambia,ZM,8,male,2024,0,0,,
