country,country_code,dhs_phase,sex,year,n_sti_respondents,n_sought_treatment,pct_sought_treatment,pct_sought_treatment_wtd
Angola,AO,7,female,2015,324.0,134.0,41.4,48.7
Angola,AO,7,female,2016,220.0,74.0,33.6,42.2
Angola,AO,7,male,2015,117.0,64.0,54.7,61.4
Angola,AO,7,male,2016,101.0,49.0,48.5,65.4
Benin,BJ,4,female,2001,136.0,104.0,76.5,76.7
Benin,BJ,4,male,2001,87.0,68.0,78.2,77.9
Benin,BJ,5,female,2006,630.0,335.0,53.2,53.0
Benin,BJ,5,male,2006,87.0,73.0,83.9,83.0
Benin,BJ,6,female,2011,77.0,45.0,58.4,58.7
Benin,BJ,6,female,2012,500.0,231.0,46.2,47.3
Benin,BJ,6,male,2011,38.0,19.0,50.0,53.8
Benin,BJ,6,male,2012,321.0,138.0,43.0,43.0
Benin,BJ,7,female,2017,305.0,84.0,27.5,27.3
Benin,BJ,7,female,2018,317.0,92.0,29.0,27.2
Benin,BJ,7,male,2017,126.0,56.0,44.4,47.1
Benin,BJ,7,male,2018,76.0,36.0,47.4,46.0
Burkina Faso,BF,4,female,2003,487.0,338.0,69.4,68.6
Burkina Faso,BF,4,male,2003,66.0,36.0,54.5,41.4
Burkina Faso,BF,6,female,2010,855.0,359.0,42.0,39.6
Burkina Faso,BF,6,male,2010,46.0,26.0,56.5,55.0
Burundi,BU,6,female,2010,280.0,113.0,40.4,40.4
Burundi,BU,6,female,2011,15.0,8.0,53.3,54.4
Burundi,BU,6,male,2010,65.0,33.0,50.8,53.9
Burundi,BU,6,male,2011,8.0,5.0,62.5,58.3
Burundi,BU,7,female,2016,101.0,41.0,40.6,37.9
Burundi,BU,7,female,2017,56.0,23.0,41.1,37.1
Burundi,BU,7,male,2016,65.0,27.0,41.5,39.4
Burundi,BU,7,male,2017,59.0,25.0,42.4,39.3
Cameroon,CM,4,female,2004,812.0,527.0,64.9,65.2
Cameroon,CM,4,male,2004,276.0,239.0,86.6,86.2
Cameroon,CM,6,female,2011,290.0,167.0,57.6,58.1
Cameroon,CM,6,male,2011,210.0,159.0,75.7,75.9
Cameroon,CM,7,female,2018,369.0,110.0,29.8,28.3
Cameroon,CM,7,male,2018,180.0,60.0,33.3,29.8
Cameroon,CM,7,male,2019,3.0,2.0,66.7,75.8
Chad,TD,4,female,2004,332.0,226.0,68.1,63.3
Chad,TD,4,male,2004,62.0,55.0,88.7,88.9
Chad,TD,7,female,2014,105.0,56.0,53.3,58.4
Chad,TD,7,female,2015,260.0,71.0,27.3,31.5
Chad,TD,7,male,2014,23.0,15.0,65.2,64.1
Chad,TD,7,male,2015,30.0,22.0,73.3,67.2
Comoros,KM,6,female,2012,301.0,163.0,54.2,53.3
Comoros,KM,6,male,2012,73.0,48.0,65.8,69.8
Congo,CG,5,female,2005,1120.0,765.0,68.3,66.9
Congo,CG,5,female,2009,1657.0,1186.0,71.6,76.0
Congo,CG,5,male,2005,221.0,172.0,77.8,80.9
Congo,CG,6,female,2011,943.0,649.0,68.8,69.2
Congo,CG,6,female,2012,126.0,90.0,71.4,79.0
Congo,CG,6,male,2011,314.0,275.0,87.6,82.0
Congo,CG,6,male,2012,56.0,50.0,89.3,93.9
Cote d'Ivoire,CI,5,female,2005,1144.0,613.0,53.6,52.0
Cote d'Ivoire,CI,6,female,2011,122.0,79.0,64.8,66.2
Cote d'Ivoire,CI,6,female,2012,1271.0,578.0,45.5,45.3
Cote d'Ivoire,CI,6,male,2011,29.0,17.0,58.6,54.7
Cote d'Ivoire,CI,6,male,2012,193.0,147.0,76.2,80.5
DRC,CD,5,female,2007,542.0,353.0,65.1,54.7
DRC,CD,5,male,2007,278.0,186.0,66.9,65.4
DRC,CD,6,female,2013,1618.0,921.0,56.9,59.1
DRC,CD,6,female,2014,531.0,318.0,59.9,58.9
DRC,CD,6,male,2013,407.0,257.0,63.1,61.0
DRC,CD,6,male,2014,144.0,109.0,75.7,70.9
Eswatini,SZ,5,female,2006,189.0,133.0,70.4,71.5
Eswatini,SZ,5,female,2007,64.0,53.0,82.8,86.9
Eswatini,SZ,5,male,2006,178.0,152.0,85.4,84.6
Eswatini,SZ,5,male,2007,56.0,49.0,87.5,87.8
Ethiopia,ET,4,male,1992,45.0,23.0,51.1,49.4
Ethiopia,ET,5,female,1997,166.0,58.0,34.9,38.2
Ethiopia,ET,5,male,1997,53.0,28.0,52.8,54.3
Ethiopia,ET,6,female,2003,196.0,56.0,28.6,24.2
Ethiopia,ET,6,male,2003,123.0,46.0,37.4,29.0
Ethiopia,ET,7,female,2008,186.0,43.0,23.1,20.3
Ethiopia,ET,7,male,2008,102.0,32.0,31.4,19.1
Gabon,GA,6,female,2012,493.0,242.0,49.1,49.9
Gabon,GA,6,male,2012,173.0,134.0,77.5,73.7
Gabon,GA,7,female,2019,12.0,7.0,58.3,58.2
Gabon,GA,7,female,2020,82.0,32.0,39.0,34.2
Gabon,GA,7,female,2021,59.0,35.0,59.3,82.4
Gabon,GA,7,male,2019,34.0,22.0,64.7,63.6
Gabon,GA,7,male,2020,113.0,57.0,50.4,55.4
Gabon,GA,7,male,2021,63.0,40.0,63.5,71.2
Gambia,GM,6,female,2013,230.0,143.0,62.2,61.8
Gambia,GM,6,male,2013,50.0,35.0,70.0,70.4
Gambia,GM,8,female,2019,108.0,67.0,62.0,62.4
Gambia,GM,8,female,2020,365.0,216.0,59.2,60.7
Gambia,GM,8,male,2019,28.0,15.0,53.6,56.7
Gambia,GM,8,male,2020,92.0,49.0,53.3,53.9
Ghana,GH,4,female,2003,335.0,171.0,51.0,55.2
Ghana,GH,4,male,2003,140.0,96.0,68.6,69.7
Ghana,GH,5,female,2008,555.0,295.0,53.2,57.3
Ghana,GH,5,male,2008,180.0,118.0,65.6,68.9
Ghana,GH,7,female,2014,965.0,602.0,62.4,65.6
Ghana,GH,7,male,2014,264.0,178.0,67.4,73.8
Guinea,GN,5,female,2005,2064.0,1392.0,67.4,69.7
Guinea,GN,5,male,2005,196.0,158.0,80.6,80.9
Guinea,GN,6,female,2012,2529.0,1308.0,51.7,54.2
Guinea,GN,6,male,2012,290.0,199.0,68.6,63.2
Guinea,GN,7,female,2018,2279.0,1536.0,67.4,69.1
Guinea,GN,7,male,2018,288.0,179.0,62.2,63.0
Kenya,KE,4,female,2003,237.0,162.0,68.4,71.2
Kenya,KE,4,male,2003,73.0,68.0,93.2,91.0
Kenya,KE,5,female,2008,68.0,38.0,55.9,62.3
Kenya,KE,5,female,2009,53.0,26.0,49.1,42.7
Kenya,KE,5,male,2008,11.0,10.0,90.9,81.1
Kenya,KE,5,male,2009,13.0,9.0,69.2,53.6
Kenya,KE,7,female,2014,35.0,15.0,42.9,38.1
Kenya,KE,7,male,2014,50.0,38.0,76.0,67.7
Lesotho,LS,4,female,2004,697.0,487.0,69.9,68.9
Lesotho,LS,4,female,2005,60.0,35.0,58.3,55.0
Lesotho,LS,4,male,2004,206.0,133.0,64.6,62.3
Lesotho,LS,4,male,2005,24.0,15.0,62.5,68.5
Lesotho,LS,6,female,2009,185.0,109.0,58.9,55.4
Lesotho,LS,6,female,2010,25.0,17.0,68.0,64.9
Lesotho,LS,6,male,2009,160.0,97.0,60.6,60.4
Lesotho,LS,6,male,2010,29.0,17.0,58.6,57.0
Lesotho,LS,7,female,2014,62.0,34.0,54.8,57.5
Lesotho,LS,7,male,2014,83.0,38.0,45.8,48.5
Liberia,LB,5,female,2006,149.0,110.0,73.8,76.3
Liberia,LB,5,female,2007,1905.0,1524.0,80.0,80.4
Liberia,LB,5,male,2006,96.0,70.0,72.9,74.8
Liberia,LB,5,male,2007,764.0,580.0,75.9,76.9
Liberia,LB,6,female,2013,1753.0,1440.0,82.1,85.3
Liberia,LB,6,male,2013,450.0,393.0,87.3,90.1
Liberia,LB,7,female,2019,754.0,611.0,81.0,83.6
Liberia,LB,7,female,2020,640.0,504.0,78.8,79.8
Liberia,LB,7,male,2019,250.0,199.0,79.6,77.9
Liberia,LB,7,male,2020,213.0,171.0,80.3,81.9
Madagascar,MD,4,female,2003,91.0,77.0,84.6,78.7
Madagascar,MD,4,female,2004,143.0,116.0,81.1,72.8
Madagascar,MD,4,male,2003,41.0,38.0,92.7,90.3
Madagascar,MD,4,male,2004,57.0,50.0,87.7,74.7
Madagascar,MD,5,female,2008,44.0,30.0,68.2,70.3
Madagascar,MD,5,female,2009,166.0,105.0,63.3,62.6
Madagascar,MD,5,male,2008,52.0,40.0,76.9,83.2
Madagascar,MD,5,male,2009,200.0,142.0,71.0,70.5
Madagascar,MD,8,female,2021,857.0,453.0,52.9,52.8
Madagascar,MD,8,male,2021,359.0,272.0,75.8,75.2
Malawi,MW,4,female,2000,1108.0,697.0,62.9,61.3
Malawi,MW,4,female,2004,545.0,311.0,57.1,58.2
Malawi,MW,4,female,2005,152.0,95.0,62.5,63.8
Malawi,MW,4,male,2000,197.0,122.0,61.9,61.3
Malawi,MW,4,male,2004,110.0,44.0,40.0,38.8
Malawi,MW,4,male,2005,14.0,5.0,35.7,20.3
Malawi,MW,6,female,2010,367.0,170.0,46.3,45.5
Malawi,MW,6,male,2010,161.0,72.0,44.7,41.4
Malawi,MW,7,female,2015,146.0,55.0,37.7,38.9
Malawi,MW,7,female,2016,63.0,24.0,38.1,39.3
Malawi,MW,7,male,2015,105.0,31.0,29.5,29.9
Malawi,MW,7,male,2016,39.0,25.0,64.1,60.9
Mali,ML,4,female,2001,2682.0,1324.0,49.4,51.0
Mali,ML,4,male,2001,167.0,106.0,63.5,63.4
Mali,ML,5,female,2006,2134.0,1158.0,54.3,57.0
Mali,ML,5,male,2006,147.0,96.0,65.3,67.9
Mali,ML,6,female,2012,1235.0,585.0,47.4,47.3
Mali,ML,6,female,2013,683.0,308.0,45.1,45.2
Mali,ML,6,male,2012,146.0,65.0,44.5,46.0
Mali,ML,6,male,2013,97.0,31.0,32.0,31.2
Mali,ML,7,female,2018,2079.0,1084.0,52.1,54.7
Mali,ML,7,male,2018,135.0,66.0,48.9,48.4
Mauritania,MR,7,female,2019,570.0,211.0,37.0,36.1
Mauritania,MR,7,female,2020,1490.0,534.0,35.8,34.0
Mauritania,MR,7,female,2021,290.0,150.0,51.7,52.7
Mauritania,MR,7,male,2019,33.0,11.0,33.3,39.3
Mauritania,MR,7,male,2020,54.0,11.0,20.4,21.1
Mauritania,MR,7,male,2021,26.0,6.0,23.1,19.7
Mozambique,MZ,4,female,2003,916.0,672.0,73.4,72.1
Mozambique,MZ,4,female,2004,7.0,7.0,100.0,100.0
Mozambique,MZ,4,male,2003,175.0,144.0,82.3,83.6
Mozambique,MZ,4,male,2004,3.0,3.0,100.0,100.0
Mozambique,MZ,5,female,2009,299.0,226.0,75.6,72.5
Mozambique,MZ,6,female,2011,319.0,166.0,52.0,52.2
Mozambique,MZ,6,male,2011,193.0,131.0,67.9,65.3
Mozambique,MZ,7,female,2015,115.0,74.0,64.3,63.7
Mozambique,MZ,7,male,2015,168.0,139.0,82.7,82.4
Namibia,NM,4,male,2000,36.0,30.0,83.3,85.8
Namibia,NM,5,female,2006,58.0,36.0,62.1,71.0
Namibia,NM,5,female,2007,128.0,91.0,71.1,66.5
Namibia,NM,5,male,2006,24.0,14.0,58.3,66.7
Namibia,NM,5,male,2007,46.0,30.0,65.2,58.8
Namibia,NM,6,female,2013,102.0,50.0,49.0,46.1
Namibia,NM,6,male,2013,62.0,42.0,67.7,63.6
Niger,NI,5,female,2006,213.0,94.0,44.1,37.3
Niger,NI,5,male,2006,60.0,26.0,43.3,41.8
Niger,NI,6,female,2012,388.0,159.0,41.0,38.1
Niger,NI,6,male,2012,19.0,13.0,68.4,64.4
Nigeria,NG,4,female,2003,227.0,145.0,63.9,63.7
Nigeria,NG,4,male,2003,56.0,50.0,89.3,93.7
Nigeria,NG,5,female,2008,1087.0,541.0,49.8,51.7
Nigeria,NG,5,male,2008,282.0,203.0,72.0,74.3
Nigeria,NG,6,female,2013,1258.0,779.0,61.9,61.2
Nigeria,NG,6,male,2013,271.0,211.0,77.9,76.2
Nigeria,NG,7,female,2018,5156.0,2799.0,54.3,55.7
Nigeria,NG,7,male,2018,692.0,339.0,49.0,45.8
Nigeria,NG,8,female,2023,467.0,255.0,54.6,56.2
Nigeria,NG,8,female,2024,3134.0,1580.0,50.4,49.6
Nigeria,NG,8,male,2023,81.0,53.0,65.4,63.0
Nigeria,NG,8,male,2024,479.0,368.0,76.8,78.5
Rwanda,RW,4,female,2000,191.0,93.0,48.7,46.6
Rwanda,RW,4,male,2000,37.0,23.0,62.2,60.6
Rwanda,RW,5,female,2005,219.0,94.0,42.9,43.4
Rwanda,RW,5,male,2005,52.0,25.0,48.1,47.9
Rwanda,RW,6,female,2010,33.0,15.0,45.5,47.1
Rwanda,RW,6,female,2011,22.0,8.0,36.4,36.8
Rwanda,RW,6,male,2010,41.0,15.0,36.6,37.0
Rwanda,RW,6,male,2011,25.0,8.0,32.0,27.3
Rwanda,RW,7,female,2014,28.0,8.0,28.6,29.0
Rwanda,RW,7,female,2015,25.0,11.0,44.0,47.1
Rwanda,RW,7,male,2014,7.0,3.0,42.9,41.4
Rwanda,RW,7,male,2015,18.0,9.0,50.0,43.6
Rwanda,RW,8,female,2019,20.0,9.0,45.0,39.0
Rwanda,RW,8,female,2020,49.0,24.0,49.0,48.0
Rwanda,RW,8,male,2019,19.0,12.0,63.2,63.1
Rwanda,RW,8,male,2020,63.0,37.0,58.7,59.7
Sao Tome,ST,5,female,2008,47.0,43.0,91.5,87.3
Sao Tome,ST,5,female,2009,8.0,4.0,50.0,44.7
Sao Tome,ST,5,male,2008,30.0,17.0,56.7,54.6
Sao Tome,ST,5,male,2009,2.0,1.0,50.0,33.7
Senegal,SN,4,female,2005,1135.0,703.0,61.9,65.7
Senegal,SN,4,male,2005,65.0,37.0,56.9,48.7
Senegal,SN,6,female,2010,391.0,200.0,51.2,56.6
Senegal,SN,6,female,2011,567.0,241.0,42.5,45.7
Senegal,SN,6,male,2010,21.0,13.0,61.9,62.9
Senegal,SN,6,male,2011,46.0,33.0,71.7,61.4
Senegal,SN,7,female,2015,598.0,169.0,28.3,30.5
Senegal,SN,7,female,2017,902.0,291.0,32.3,36.8
Senegal,SN,7,male,2015,35.0,15.0,42.9,68.3
Senegal,SN,7,male,2017,50.0,19.0,38.0,35.9
Sierra Leone,SL,5,female,2008,1086.0,570.0,52.5,51.7
Sierra Leone,SL,5,male,2008,267.0,209.0,78.3,78.8
Sierra Leone,SL,6,female,2013,1339.0,888.0,66.3,64.3
Sierra Leone,SL,6,male,2013,645.0,535.0,82.9,83.7
Sierra Leone,SL,7,female,2019,1102.0,739.0,67.1,66.6
Sierra Leone,SL,7,male,2019,595.0,445.0,74.8,76.0
South Africa,ZA,7,female,2016,57.0,21.0,36.8,38.2
South Africa,ZA,7,male,2016,55.0,32.0,58.2,54.1
Tanzania,TZ,4,female,2003,156.0,120.0,76.9,77.8
Tanzania,TZ,4,female,2004,581.0,439.0,75.6,74.4
Tanzania,TZ,4,female,2005,97.0,67.0,69.1,68.6
Tanzania,TZ,4,male,2004,53.0,43.0,81.1,83.2
Tanzania,TZ,4,male,2005,35.0,30.0,85.7,79.7
Tanzania,TZ,5,female,2007,304.0,216.0,71.1,74.2
Tanzania,TZ,5,female,2008,102.0,72.0,70.6,75.0
Tanzania,TZ,6,female,2009,20.0,9.0,45.0,44.9
Tanzania,TZ,6,female,2010,139.0,88.0,63.3,66.0
Tanzania,TZ,6,female,2011,38.0,21.0,55.3,54.8
Tanzania,TZ,6,female,2012,312.0,205.0,65.7,67.3
Tanzania,TZ,6,male,2009,5.0,5.0,100.0,100.0
Tanzania,TZ,6,male,2010,49.0,38.0,77.6,77.7
Togo,TG,6,female,2013,274.0,130.0,47.4,48.3
Togo,TG,6,female,2014,426.0,153.0,35.9,36.0
Togo,TG,6,male,2013,33.0,20.0,60.6,63.4
Togo,TG,6,male,2014,44.0,30.0,68.2,68.9
Uganda,UG,4,female,2000,430.0,275.0,64.0,62.0
Uganda,UG,4,female,2001,470.0,307.0,65.3,60.8
Uganda,UG,4,male,2000,35.0,28.0,80.0,79.3
Uganda,UG,4,male,2001,37.0,24.0,64.9,62.7
Uganda,UG,5,female,2006,980.0,592.0,60.4,62.0
Uganda,UG,5,male,2006,163.0,124.0,76.1,79.9
Uganda,UG,6,female,2011,1653.0,933.0,56.4,56.4
Uganda,UG,6,male,2011,101.0,64.0,63.4,62.9
Uganda,UG,7,female,2016,198.0,102.0,51.5,55.5
Uganda,UG,7,male,2016,116.0,56.0,48.3,56.9
Zambia,ZM,4,female,2001,86.0,54.0,62.8,62.0
Zambia,ZM,4,female,2002,240.0,170.0,70.8,71.4
Zambia,ZM,4,male,2001,31.0,22.0,71.0,69.0
Zambia,ZM,4,male,2002,86.0,62.0,72.1,73.1
Zambia,ZM,5,female,2007,157.0,107.0,68.2,69.4
Zambia,ZM,5,male,2007,221.0,182.0,82.4,81.4
Zambia,ZM,6,female,2013,49.0,23.0,46.9,46.2
Zambia,ZM,6,female,2014,19.0,8.0,42.1,40.6
Zambia,ZM,6,male,2013,121.0,88.0,72.7,71.9
Zambia,ZM,6,male,2014,57.0,41.0,71.9,72.8
Zambia,ZM,7,female,2018,47.0,19.0,40.4,38.2
Zambia,ZM,7,male,2018,121.0,69.0,57.0,54.0
Zambia,ZM,7,male,2019,3.0,2.0,66.7,94.4
Zimbabwe,ZW,4,female,1999,288.0,215.0,74.7,72.9
Zimbabwe,ZW,4,male,1999,117.0,108.0,92.3,88.6
Zimbabwe,ZW,5,female,2005,365.0,223.0,61.1,64.4
Zimbabwe,ZW,5,female,2006,97.0,59.0,60.8,63.2
Zimbabwe,ZW,5,male,2005,271.0,188.0,69.4,70.5
Zimbabwe,ZW,5,male,2006,49.0,39.0,79.6,81.1
Zimbabwe,ZW,6,female,2010,124.0,43.0,34.7,31.3
Zimbabwe,ZW,6,female,2011,77.0,28.0,36.4,34.5
Zimbabwe,ZW,6,male,2010,107.0,47.0,43.9,45.3
Zimbabwe,ZW,6,male,2011,85.0,49.0,57.6,53.1
Zimbabwe,ZW,7,female,2015,61.0,18.0,29.5,30.9
Zimbabwe,ZW,7,male,2015,150.0,50.0,33.3,31.2
