country,metric,year,"98-98-99 treatment, 2024 prevention",95-95-95 treatment and prevention reaches 2030 target,"95-95-95 treatment, 2024 level of prevention",2024 level all HIV services,Historical trend,"2024 level treatment, reduced prevention"
Angola,new_infections,2020,25084.81197,,,,,
Angola,new_infections,2021,23901.89102,,,,,
Angola,new_infections,2022,22319.43336,,,,,
Angola,new_infections,2023,21446.5857,,,,,
Angola,new_infections,2024,20673.2312,,,,,
Angola,new_infections,2025,20584.215248226952,20582.586170212766,20582.586170212766,20582.586170212766,20582.586170212766,20582.586170212766
Angola,new_infections,2026,19533.459929078013,15592.720212765958,18345.86205673759,20981.710283687946,21612.163475177305,
Angola,new_infections,2027,16781.947163120567,11184.43510638298,14422.227659574468,21340.10744680851,22364.797517730498,
Angola,new_infections,2028,13637.826595744682,8275.716312056738,11401.102482269504,21682.213829787233,23130.464184397166,
Angola,new_infections,2029,10108.429078014186,5620.319148936171,8132.357446808511,22003.956737588655,23905.090780141843,
Angola,new_infections,2030,5898.891489361702,4316.242198581561,6188.052836879433,22294.74716312057,24153.525177304964,
Angola,aids_deaths,2020,17237.88525,,,,,
Angola,aids_deaths,2021,16022.08887,,,,,
Angola,aids_deaths,2022,15031.55713,,,,,
Angola,aids_deaths,2023,14180.17139,,,,,
Angola,aids_deaths,2024,13458.25146,,,,,
Angola,aids_deaths,2025,13572.258985955725,13569.055462985003,13569.055462985003,13569.055462985003,13569.055462985003,13569.055462985003
Angola,aids_deaths,2026,12316.477981432992,11220.873125446322,11469.680076172339,14317.611997143536,14436.142347060222,
Angola,aids_deaths,2027,9888.207569626278,7950.076172339919,8410.31563913354,15028.794096643656,15195.377291121162,
Angola,aids_deaths,2028,7646.80933111164,5959.6205665317775,6335.500595096405,15550.96834087122,15753.8581290169,
Angola,aids_deaths,2029,6002.334206141395,4898.186622232802,5181.164484646512,15952.476553201617,16188.469412044751,
Angola,aids_deaths,2030,5081.855272554153,4026.8283741966197,4302.331349678648,16284.575101166389,16493.87193525351,
Benin,new_infections,2020,1903.46379,,,,,
Benin,new_infections,2021,1816.81183,,,,,
Benin,new_infections,2022,1780.52263,,,,,
Benin,new_infections,2023,1526.30935,,,,,
Benin,new_infections,2024,1384.28015,,,,,
Benin,new_infections,2025,1180.8221070811744,1180.8221070811744,1180.8221070811744,1180.8221070811744,1180.8221070811744,1180.8221070811744
Benin,new_infections,2026,1078.0379965457685,864.1036269430051,1040.9879101899826,1149.747841105354,1184.4075993091537,
Benin,new_infections,2027,931.0328151986183,683.6338514680483,890.3972366148531,1129.4300518134714,1183.2124352331605,
Benin,new_infections,2028,775.6614853195164,549.7754749568221,766.1001727115716,1103.1364421416235,1176.041450777202,
Benin,new_infections,2029,616.7046632124352,438.6252158894646,642.9982728842832,1073.257340241796,1164.089810017271,
Benin,new_infections,2030,426.6735751295337,384.8428324697755,565.3126079447322,1036.2072538860102,1125.844559585492,
Benin,aids_deaths,2020,1591.13507,,,,,
Benin,aids_deaths,2021,1533.58704,,,,,
Benin,aids_deaths,2022,1514.09283,,,,,
Benin,aids_deaths,2023,1353.13092,,,,,
Benin,aids_deaths,2024,1299.42749,,,,,
Benin,aids_deaths,2025,1197.4926387315968,1197.4926387315968,1197.4926387315968,1197.4926387315968,1197.4926387315968,1197.4926387315968
Benin,aids_deaths,2026,1090.1007927519818,1066.5628539071347,1090.1007927519818,1101.8697621744054,1101.8697621744054,
Benin,aids_deaths,2027,1006.246885617214,957.6998867497168,990.0645526613816,1062.149490373726,1063.6206115515288,
Benin,aids_deaths,2028,887.0860702151755,842.9524348810872,872.374858437146,1025.3714609286524,1028.3137032842583,
Benin,aids_deaths,2029,809.1166477916195,763.5118912797282,791.4631936579841,991.5356738391846,995.9490373725935,
Benin,aids_deaths,2030,764.9830124575311,714.964892412231,741.445073612684,962.1132502831257,966.5266138165346,
Botswana,new_infections,2020,6685.8314,,,,,
Botswana,new_infections,2021,5507.36175,,,,,
Botswana,new_infections,2022,4660.65745,,,,,
Botswana,new_infections,2023,4343.68214,,,,,
Botswana,new_infections,2024,4159.33694,,,,,
Botswana,new_infections,2025,3523.3731574864237,3523.3731574864237,3523.3731574864237,3523.3731574864237,3523.3731574864237,3523.3731574864237
Botswana,new_infections,2026,3165.2280837858807,2723.1931730023275,3536.2792862684255,3313.6485647788986,3516.920093095423,
Botswana,new_infections,2027,2832.895267649341,2358.595034910784,3462.0690457719165,3142.642358417378,3458.842513576416,
Botswana,new_infections,2028,2519.921644685803,2045.621411947246,3374.9526764934058,2971.6361520558576,3394.3118696664083,
Botswana,new_infections,2029,2226.307214895268,1768.1396431342127,3281.3832428238948,2803.856477889837,3333.0077579519007,
Botswana,new_infections,2030,1935.919317300233,1648.7579519006983,3091.0178432893717,2639.3033359193173,3158.77501939488,
Botswana,aids_deaths,2020,4386.58105,,,,,
Botswana,aids_deaths,2021,4314.79224,,,,,
Botswana,aids_deaths,2022,4037.22729,,,,,
Botswana,aids_deaths,2023,3851.31177,,,,,
Botswana,aids_deaths,2024,3758.51953,,,,,
Botswana,aids_deaths,2025,3535.6513452914796,3533.544282511211,3533.544282511211,3533.544282511211,3533.544282511211,3533.544282511211
Botswana,aids_deaths,2026,3451.3688340807175,3464.0112107623318,3493.5100896860986,3474.5465246636772,3474.5465246636772,
Botswana,aids_deaths,2027,3316.5168161434976,3400.79932735426,3440.833520179372,3432.4052690582957,3434.512331838565,
Botswana,aids_deaths,2028,3175.3436098654706,3364.979260089686,3398.692264573991,3398.692264573991,3400.79932735426,
Botswana,aids_deaths,2029,3044.705717488789,3337.587443946188,3360.765134529148,3360.765134529148,3364.979260089686,
Botswana,aids_deaths,2030,2918.2819506726455,3305.9815022421526,3310.1956278026905,3310.1956278026905,3310.1956278026905,
Burkina Faso,new_infections,2020,2793.02805,,,,,
Burkina Faso,new_infections,2021,3078.11818,,,,,
Burkina Faso,new_infections,2022,2938.52375,,,,,
Burkina Faso,new_infections,2023,3125.02196,,,,,
Burkina Faso,new_infections,2024,2956.77569,,,,,
Burkina Faso,new_infections,2025,2770.6212923728813,2770.6212923728813,2770.6212923728813,2770.6212923728813,2770.6212923728813,2770.6212923728813
Burkina Faso,new_infections,2026,2426.0556144067796,1804.2711864406779,2227.147245762712,2662.552966101695,2736.164724576271,
Burkina Faso,new_infections,2027,2064.2616525423728,1281.1578389830509,1866.9194915254236,2560.749470338983,2673.5164194915255,
Burkina Faso,new_infections,2028,1727.5270127118645,914.6652542372881,1564.6414194915253,2465.2108050847455,2617.132944915254,
Burkina Faso,new_infections,2029,1411.1530720338983,682.8665254237288,1287.4226694915253,2372.8045550847455,2563.8818855932204,
Burkina Faso,new_infections,2030,858.2817796610169,629.6154661016949,1213.8109110169491,2291.361758474576,2485.571504237288,
Burkina Faso,aids_deaths,2020,2752.69958,,,,,
Burkina Faso,aids_deaths,2021,2657.39453,,,,,
Burkina Faso,aids_deaths,2022,2512.15253,,,,,
Burkina Faso,aids_deaths,2023,2330.66803,,,,,
Burkina Faso,aids_deaths,2024,2148.68408,,,,,
Burkina Faso,aids_deaths,2025,2050.2866948257656,2046.8827877507922,2046.8827877507922,2046.8827877507922,2046.8827877507922,2046.8827877507922
Burkina Faso,aids_deaths,2026,1893.7069693769802,1809.743928194298,1852.8600844772968,1986.7470960929252,2010.5744456177404,
Burkina Faso,aids_deaths,2027,1653.1642027455123,1462.5454065469905,1544.239176346357,1949.3041182682157,1983.3431890179515,
Burkina Faso,aids_deaths,2028,1347.947201689546,1163.0015839493137,1243.5607180570223,1898.2455121436114,1941.3616684266105,
Burkina Faso,aids_deaths,2029,1128.9625131995776,989.40232312566,1048.403379091869,1842.6483632523762,1892.5723336853223,
Burkina Faso,aids_deaths,2030,988.2676874340021,855.5153115100318,915.6510031678987,1783.647307286167,1831.3020063357974,
Burundi,new_infections,2020,1359.99238,,,,,
Burundi,new_infections,2021,1502.48767,,,,,
Burundi,new_infections,2022,1394.83696,,,,,
Burundi,new_infections,2023,1309.98975,,,,,
Burundi,new_infections,2024,1434.53566,,,,,
Burundi,new_infections,2025,1234.5084087968953,1234.5084087968953,1234.5084087968953,1234.5084087968953,1234.5084087968953,1234.5084087968953
Burundi,new_infections,2026,1021.0219922380337,809.391979301423,967.1862871927556,1124.980595084088,1240.0776196636482,
Burundi,new_infections,2027,816.8175937904269,603.3311772315653,814.961190168176,1028.4476067270375,1201.0931435963778,
Burundi,new_infections,2028,633.0336351875809,434.3984476067271,679.4437257438551,939.340232858991,1163.9650711513584,
Burundi,new_infections,2029,473.3829236739974,295.16817593790427,562.490297542044,857.6584734799483,1128.6934023285899,
Burundi,new_infections,2030,328.58344113842173,271.03492884864164,510.51099611901685,779.6895213454076,1032.1604139715396,
Burundi,aids_deaths,2020,1361.86737,,,,,
Burundi,aids_deaths,2021,1261.09851,,,,,
Burundi,aids_deaths,2022,1210.74805,,,,,
Burundi,aids_deaths,2023,1167.1759,,,,,
Burundi,aids_deaths,2024,1112.52625,,,,,
Burundi,aids_deaths,2025,1048.4290076335878,1046.7297709923664,1046.7297709923664,1046.7297709923664,1046.7297709923664,1046.7297709923664
Burundi,aids_deaths,2026,973.6625954198473,958.3694656488549,961.7679389312976,990.6549618320611,994.0534351145038,
Burundi,aids_deaths,2027,871.7083969465648,844.5206106870229,851.3175572519084,941.3770992366411,948.1740458015266,
Burundi,aids_deaths,2028,762.9572519083969,735.769465648855,744.2656488549618,895.497709923664,905.6931297709923,
Burundi,aids_deaths,2029,689.8900763358778,667.8,676.2961832061069,854.7160305343511,868.3099236641222,
Burundi,aids_deaths,2030,630.4167938931297,628.7175572519084,638.9129770992366,815.6335877862595,832.6259541984732,
Cameroon,new_infections,2020,19497.50413,,,,,
Cameroon,new_infections,2021,17079.60663,,,,,
Cameroon,new_infections,2022,14250.29381,,,,,
Cameroon,new_infections,2023,13029.14973,,,,,
Cameroon,new_infections,2024,13134.04632,,,,,
Cameroon,new_infections,2025,11701.892348418,11701.892348418,11701.892348418,11701.892348418,11701.892348418,11701.892348418
Cameroon,new_infections,2026,10107.534350182781,8314.502458086474,9549.591831589561,10958.520862221101,11256.531703012732,
Cameroon,new_infections,2027,8450.262952224883,6374.120761376528,7996.6242279087355,10278.06277574688,10726.734652716501,
Cameroon,new_infections,2028,6923.785201058868,4839.364931299634,6718.488844069078,9638.99508382705,10225.083070717257,
Cameroon,new_infections,2029,5521.478633556031,3549.640236984747,5569.491491239128,9018.139165511155,9735.020799193242,
Cameroon,new_infections,2030,4165.529307954115,3203.616538510021,5054.594982982478,8437.018025967478,9140.654733392159,
Cameroon,aids_deaths,2020,15683.14502,,,,,
Cameroon,aids_deaths,2021,13646.93457,,,,,
Cameroon,aids_deaths,2022,11875.35107,,,,,
Cameroon,aids_deaths,2023,10393.04639,,,,,
Cameroon,aids_deaths,2024,9438.30469,,,,,
Cameroon,aids_deaths,2025,8713.401544401546,8690.976833976834,8690.976833976834,8690.976833976834,8690.976833976834,8690.976833976834
Cameroon,aids_deaths,2026,8151.38223938224,8033.65250965251,8061.683397683398,8427.486486486487,8430.289575289577,
Cameroon,aids_deaths,2027,7352.501930501931,7070.791505791506,7129.656370656371,8278.922779922781,8284.528957528959,
Cameroon,aids_deaths,2028,6434.490347490348,6071.490347490348,6144.370656370656,8085.509652509653,8093.918918918919,
Cameroon,aids_deaths,2029,5736.521235521236,5437.992277992278,5522.084942084943,7844.444015444016,7854.254826254827,
Cameroon,aids_deaths,2030,5248.783783783784,5039.953667953669,5131.054054054054,7590.7644787644795,7601.976833976834,
Central African Republic,new_infections,2020,5236.80407,,,,,
Central African Republic,new_infections,2021,5087.90703,,,,,
Central African Republic,new_infections,2022,4723.79276,,,,,
Central African Republic,new_infections,2023,4087.82336,,,,,
Central African Republic,new_infections,2024,3950.18557,,,,,
Central African Republic,new_infections,2025,3755.4974704890387,3754.165261382799,3754.165261382799,3754.165261382799,3754.165261382799,3754.165261382799
Central African Republic,new_infections,2026,3405.1264755480606,2495.227655986509,3206.627318718381,3676.8971332209103,3784.806070826307,
Central African Republic,new_infections,2027,2874.9072512647554,1726.5430016863406,2599.139966273187,3608.954468802698,3779.477234401349,
Central African Republic,new_infections,2028,2322.0404721753794,1184.3338954468802,2115.548060708263,3539.679595278246,3775.4806070826307,
Central African Republic,new_infections,2029,1754.5193929173693,774.0134907251264,1638.6172006745362,3471.7369308600337,3774.148397976391,
Central African Republic,new_infections,2030,1144.3676222596964,675.4300168634064,1393.4907251264756,3402.4620573355814,3718.195615514334,
Central African Republic,aids_deaths,2020,4192.80811,,,,,
Central African Republic,aids_deaths,2021,3743.80444,,,,,
Central African Republic,aids_deaths,2022,3302.7666,,,,,
Central African Republic,aids_deaths,2023,2934.79041,,,,,
Central African Republic,aids_deaths,2024,2715.44312,,,,,
Central African Republic,aids_deaths,2025,2656.393072289157,2653.667168674699,2653.667168674699,2653.667168674699,2653.667168674699,2653.667168674699
Central African Republic,aids_deaths,2026,2421.9653614457834,2311.566265060241,2336.0993975903616,2629.1340361445787,2631.8599397590365,
Central African Republic,aids_deaths,2027,2022.620481927711,1795.007530120482,1842.710843373494,2625.045180722892,2627.7710843373497,
Central African Republic,aids_deaths,2028,1613.7349397590363,1397.0256024096386,1452.9066265060242,2610.0527108433735,2610.0527108433735,
Central African Republic,aids_deaths,2029,1312.522590361446,1165.323795180723,1219.8418674698796,2580.0677710843374,2577.3418674698796,
Central African Republic,aids_deaths,2030,1150.331325301205,1007.2213855421687,1064.4653614457832,2541.905120481928,2535.0903614457834,
Chad,new_infections,2020,4657.31436,,,,,
Chad,new_infections,2021,4303.89357,,,,,
Chad,new_infections,2022,4353.63413,,,,,
Chad,new_infections,2023,4002.77267,,,,,
Chad,new_infections,2024,4273.14602,,,,,
Chad,new_infections,2025,4059.9469159681926,4059.9469159681926,4059.9469159681926,4059.9469159681926,4059.9469159681926,4059.9469159681926
Chad,new_infections,2026,3690.777347947561,2965.2948635289063,3507.1108961960026,3923.1154094132817,4136.16849344509,
Chad,new_infections,2027,3196.7145927358692,2317.8706211046638,2957.029873200086,3786.2839028583708,4123.31184182248,
Chad,new_infections,2028,2701.7335052654203,1884.4177949709865,2506.1287341500106,3664.1457124435847,4131.576832151301,
Chad,new_infections,2029,2200.3240919836667,1519.8398882441436,2060.7375886524824,3554.864173651408,4162.800128949065,
Chad,new_infections,2030,1543.7165269718462,1371.0700623253815,1839.4195142918547,3444.6643026004726,4075.558564367075,
Chad,aids_deaths,2020,4727.05322,,,,,
Chad,aids_deaths,2021,4274.8031,,,,,
Chad,aids_deaths,2022,4024.00488,,,,,
Chad,aids_deaths,2023,3705.72351,,,,,
Chad,aids_deaths,2024,3475.57275,,,,,
Chad,aids_deaths,2025,3137.1271367521367,3135.2702991452993,3135.2702991452993,3135.2702991452993,3135.2702991452993,3135.2702991452993
Chad,aids_deaths,2026,2911.5213675213677,2755.5470085470088,2798.2542735042734,3083.278846153846,3086.9925213675215,
Chad,aids_deaths,2027,2527.155982905983,2221.7061965811968,2293.1944444444443,3104.6324786324785,3112.059829059829,
Chad,aids_deaths,2028,2070.3739316239316,1758.4252136752136,1813.201923076923,3117.630341880342,3123.200854700855,
Chad,aids_deaths,2029,1655.3707264957266,1433.4786324786326,1475.2574786324788,3102.775641025641,3105.5608974358975,
Chad,aids_deaths,2030,1400.0555555555557,1263.5779914529915,1305.3568376068376,3078.6367521367524,3077.7083333333335,
Comoros,new_infections,2020,10.66029,,,,,
Comoros,new_infections,2021,10.61111,,,,,
Comoros,new_infections,2022,9.45079,,,,,
Comoros,new_infections,2023,8.4245,,,,,
Comoros,new_infections,2024,10.05452,,,,,
Comoros,new_infections,2025,8.0,8.0,8.0,8.0,8.0,8.0
Comoros,new_infections,2026,6.0,6.0,6.0,,,
Comoros,new_infections,2027,4.0,,,,,
Comoros,new_infections,2028,4.0,2.0,4.0,6.0,,
Comoros,new_infections,2029,2.0,,,,,
Comoros,new_infections,2030,2.0,,,,,
Comoros,aids_deaths,2020,4.45588,,,,,
Comoros,aids_deaths,2021,4.13662,,,,,
Comoros,aids_deaths,2022,3.53931,,,,,
Comoros,aids_deaths,2023,3.2461,,,,,
Comoros,aids_deaths,2024,3.37269,,,,,
Comoros,aids_deaths,2025,2.0,2.0,2.0,2.0,2.0,2.0
Comoros,aids_deaths,2026,,,,,,
Comoros,aids_deaths,2027,1.0,1.0,1.0,,,
Comoros,aids_deaths,2028,,,,,,
Comoros,aids_deaths,2029,,,,,,
Comoros,aids_deaths,2030,,,,,,
Congo,new_infections,2020,10671.51529,,,,,
Congo,new_infections,2021,10896.10901,,,,,
Congo,new_infections,2022,11210.14103,,,,,
Congo,new_infections,2023,10801.56811,,,,,
Congo,new_infections,2024,10500.86804,,,,,
Congo,new_infections,2025,10390.710998347888,10389.471796082134,10389.471796082134,10389.471796082134,10389.471796082134,10389.471796082134
Congo,new_infections,2026,9751.282629218787,7899.9144441822045,9104.419046495163,10463.823932027379,10757.514869011093,
Congo,new_infections,2027,8429.053811659192,5712.722445126269,7218.353198017466,10543.13287703564,11023.943356148218,
Congo,new_infections,2028,6923.423058767997,4079.4538588624027,5691.656006608449,10621.202619778145,11302.763865942885,
Congo,new_infections,2029,5230.672763747935,2555.235071984895,4037.320981826764,10700.511564786406,11605.129218786878,
Congo,new_infections,2030,2793.1619070096767,1945.547557233892,3159.965777672882,10779.820509794667,11750.115883880104,
Congo,aids_deaths,2020,6784.78223,,,,,
Congo,aids_deaths,2021,6749.64941,,,,,
Congo,aids_deaths,2022,6540.37695,,,,,
Congo,aids_deaths,2023,6273.08472,,,,,
Congo,aids_deaths,2024,6017.29688,,,,,
Congo,aids_deaths,2025,5970.715384615384,5969.770800627944,5969.770800627944,5969.770800627944,5969.770800627944,5969.770800627944
Congo,aids_deaths,2026,4937.3405023547875,4298.801726844584,4314.859654631083,6161.521350078493,6178.523861852433,
Congo,aids_deaths,2027,3622.4795918367345,2791.2456828885397,2823.361538461538,6306.987284144427,6328.712715855573,
Congo,aids_deaths,2028,2605.1626373626373,1986.4601255886969,2024.2434850863422,6398.611930926217,6423.171114599686,
Congo,aids_deaths,2029,1883.5004709576137,1517.9464678178963,1563.2864992150705,6459.065306122448,6487.402825745683,
Congo,aids_deaths,2030,1534.9489795918366,1210.956671899529,1261.96420722135,6506.294505494505,6532.742857142857,
Democratic Republic of the Congo,new_infections,2020,31649.80558,,,,,
Democratic Republic of the Congo,new_infections,2021,30436.5629,,,,,
Democratic Republic of the Congo,new_infections,2022,29397.76215,,,,,
Democratic Republic of the Congo,new_infections,2023,27306.64035,,,,,
Democratic Republic of the Congo,new_infections,2024,26147.48588,,,,,
Democratic Republic of the Congo,new_infections,2025,26108.676899275302,26108.676899275302,26108.676899275302,26108.676899275302,26108.676899275302,26108.676899275302
Democratic Republic of the Congo,new_infections,2026,23136.50753195994,19400.00521130201,21287.41792199332,25547.669285888773,25803.156624053416,
Democratic Republic of the Congo,new_infections,2027,19018.903265206416,14679.876638710202,16970.746437586517,24868.49877860109,25288.98835599707,
Democratic Republic of the Congo,new_infections,2028,14864.040428303884,10999.794438563635,13409.891661916781,24195.715454767527,24779.078210243464,
Democratic Republic of the Congo,new_infections,2029,10777.307548245257,7740.201815813045,10019.361778356812,23490.996213663384,24244.683861249083,
Democratic Republic of the Congo,new_infections,2030,6524.507898379611,6717.18793257878,8650.375458024591,22803.309461770215,23597.449271231984,
Democratic Republic of the Congo,aids_deaths,2020,22684.16406,,,,,
Democratic Republic of the Congo,aids_deaths,2021,18516.96094,,,,,
Democratic Republic of the Congo,aids_deaths,2022,16128.38281,,,,,
Democratic Republic of the Congo,aids_deaths,2023,14870.0791,,,,,
Democratic Republic of the Congo,aids_deaths,2024,13692.45215,,,,,
Democratic Republic of the Congo,aids_deaths,2025,14341.75584035152,14337.745001830832,14337.745001830832,14337.745001830832,14337.745001830832,14337.745001830832
Democratic Republic of the Congo,aids_deaths,2026,13917.609666788721,13440.319882826803,13465.387623581106,14627.528084950567,14333.734163310142,
Democratic Republic of the Congo,aids_deaths,2027,11959.317759062615,10795.171878432808,10856.337165873307,14544.303185646284,14118.151592823142,
Democratic Republic of the Congo,aids_deaths,2028,9596.933870377152,8382.65250823874,8450.836763090443,14450.048480410107,13891.539216404248,
Democratic Republic of the Congo,aids_deaths,2029,7691.785573050165,6983.872574148663,7055.064957890882,14352.785646283413,13663.92413035518,
Democratic Republic of the Congo,aids_deaths,2030,6767.28729403149,6219.807835957525,6297.016477480776,14234.465909923105,13565.658586598316,
Djibouti,new_infections,2020,451.46526,,,,,
Djibouti,new_infections,2021,423.978,,,,,
Djibouti,new_infections,2022,411.85054,,,,,
Djibouti,new_infections,2023,457.10855,,,,,
Djibouti,new_infections,2024,429.90063,,,,,
Djibouti,new_infections,2025,417.42021276595744,417.42021276595744,417.42021276595744,417.42021276595744,417.42021276595744,417.42021276595744
Djibouti,new_infections,2026,385.3989361702128,284.76063829787233,361.3829787234042,408.27127659574467,419.7074468085106,
Djibouti,new_infections,2027,323.6436170212766,182.9787234042553,272.1808510638298,399.1223404255319,417.42021276595744,
Djibouti,new_infections,2028,253.88297872340425,115.50531914893617,202.42021276595744,389.9734042553191,415.1329787234042,
Djibouti,new_infections,2029,180.6914893617021,60.61170212765957,128.08510638297872,380.8244680851064,413.98936170212767,
Djibouti,new_infections,2030,91.48936170212765,41.170212765957444,86.91489361702128,372.8191489361702,407.12765957446805,
Djibouti,aids_deaths,2020,809.16071,,,,,
Djibouti,aids_deaths,2021,785.96356,,,,,
Djibouti,aids_deaths,2022,757.99384,,,,,
Djibouti,aids_deaths,2023,698.84015,,,,,
Djibouti,aids_deaths,2024,639.5329,,,,,
Djibouti,aids_deaths,2025,636.3841807909604,636.3841807909604,636.3841807909604,636.3841807909604,636.3841807909604,636.3841807909604
Djibouti,aids_deaths,2026,498.9830508474576,408.5875706214689,409.79284369114873,631.563088512241,631.563088512241,
Djibouti,aids_deaths,2027,330.2448210922787,227.79661016949152,229.00188323917135,621.9209039548023,621.9209039548023,
Djibouti,aids_deaths,2028,209.71751412429379,144.63276836158192,145.83804143126176,608.6629001883239,609.8681732580037,
Djibouti,aids_deaths,2029,130.16949152542372,92.80602636534839,95.2165725047081,594.1996233521656,594.1996233521656,
Djibouti,aids_deaths,2030,89.19020715630884,62.67419962335216,65.08474576271186,573.7099811676082,573.7099811676082,
Equatorial Guinea,new_infections,2020,4729.91947,,,,,
Equatorial Guinea,new_infections,2021,4476.12696,,,,,
Equatorial Guinea,new_infections,2022,4425.42472,,,,,
Equatorial Guinea,new_infections,2023,4337.87664,,,,,
Equatorial Guinea,new_infections,2024,4381.08152,,,,,
Equatorial Guinea,new_infections,2025,4394.268662034562,4394.268662034562,4394.268662034562,4394.268662034562,4394.268662034562,4394.268662034562
Equatorial Guinea,new_infections,2026,4082.0648494566185,3331.995189738108,3777.666132193123,4421.586495635132,4526.1747728487435,
Equatorial Guinea,new_infections,2027,3483.4140388384108,2391.4812043470515,2958.13112417602,4445.782291109923,4617.494388027792,
Equatorial Guinea,new_infections,2028,2799.6876892927135,1741.316764653483,2275.1852841617674,4465.295029396045,4710.375022269731,
Equatorial Guinea,new_infections,2029,2032.4468198824159,1153.5930874755034,1535.26224835204,4480.124710493497,4807.1582041688935,
Equatorial Guinea,new_infections,2030,1142.6659540352753,874.1706752182433,1166.081239978621,4491.83235346517,4846.183680741136,
Equatorial Guinea,aids_deaths,2020,2540.80316,,,,,
Equatorial Guinea,aids_deaths,2021,2518.77515,,,,,
Equatorial Guinea,aids_deaths,2022,2554.94458,,,,,
Equatorial Guinea,aids_deaths,2023,2543.30737,,,,,
Equatorial Guinea,aids_deaths,2024,2594.3269,,,,,
Equatorial Guinea,aids_deaths,2025,2721.7982404692084,2721.7982404692084,2721.7982404692084,2721.7982404692084,2721.7982404692084,2721.7982404692084
Equatorial Guinea,aids_deaths,2026,2412.9524926686217,2140.6205278592374,2178.6557184750736,2854.160703812317,2854.9214076246335,
Equatorial Guinea,aids_deaths,2027,1893.391788856305,1454.4656891495601,1535.8609970674488,2934.034604105572,2935.5560117302052,
Equatorial Guinea,aids_deaths,2028,1407.3020527859237,1026.950146627566,1092.3706744868036,2989.565982404692,2988.8052785923755,
Equatorial Guinea,aids_deaths,2029,1023.1466275659825,786.5677419354839,825.3636363636364,3022.276246334311,3021.515542521994,
Equatorial Guinea,aids_deaths,2030,810.9102639296188,649.6410557184751,686.1548387096775,3053.465102639296,3052.7043988269797,
Eritrea,new_infections,2020,311.2437,,,,,
Eritrea,new_infections,2021,372.16077,,,,,
Eritrea,new_infections,2022,394.43254,,,,,
Eritrea,new_infections,2023,365.46089,,,,,
Eritrea,new_infections,2024,365.45557,,,,,
Eritrea,new_infections,2025,340.66666666666663,340.66666666666663,340.66666666666663,340.66666666666663,340.66666666666663,340.66666666666663
Eritrea,new_infections,2026,304.16666666666663,261.5833333333333,298.0833333333333,320.38888888888886,,
Eritrea,new_infections,2027,247.38888888888889,190.61111111111111,235.2222222222222,302.13888888888886,330.52777777777777,
Eritrea,new_infections,2028,192.63888888888889,143.97222222222223,190.61111111111111,285.91666666666663,320.38888888888886,
Eritrea,new_infections,2029,141.94444444444443,103.41666666666666,150.05555555555554,269.69444444444446,312.27777777777777,
Eritrea,new_infections,2030,83.13888888888889,83.13888888888889,121.66666666666666,255.5,296.05555555555554,
Eritrea,aids_deaths,2020,336.86484,,,,,
Eritrea,aids_deaths,2021,311.16066,,,,,
Eritrea,aids_deaths,2022,309.74329,,,,,
Eritrea,aids_deaths,2023,294.08885,,,,,
Eritrea,aids_deaths,2024,279.10371,,,,,
Eritrea,aids_deaths,2025,280.0568181818182,280.0568181818182,280.0568181818182,280.0568181818182,280.0568181818182,280.0568181818182
Eritrea,aids_deaths,2026,242.01136363636365,225.10227272727275,226.15909090909093,283.22727272727275,283.22727272727275,
Eritrea,aids_deaths,2027,183.88636363636365,162.75,163.8068181818182,282.17045454545456,284.28409090909093,
Eritrea,aids_deaths,2028,141.61363636363637,131.04545454545456,132.10227272727275,280.0568181818182,282.17045454545456,
Eritrea,aids_deaths,2029,115.19318181818183,109.90909090909092,110.9659090909091,276.8863636363636,280.0568181818182,
Eritrea,aids_deaths,2030,98.28409090909092,91.94318181818183,93.0,272.65909090909093,274.7727272727273,
Eswatini,new_infections,2020,5261.89445,,,,,
Eswatini,new_infections,2021,5278.63503,,,,,
Eswatini,new_infections,2022,4354.5188,,,,,
Eswatini,new_infections,2023,4577.50317,,,,,
Eswatini,new_infections,2024,4219.76733,,,,,
Eswatini,new_infections,2025,3756.7494181536076,3756.7494181536076,3756.7494181536076,3756.7494181536076,3756.7494181536076,3756.7494181536076
Eswatini,new_infections,2026,3468.6501163692787,3345.8805275407294,3570.1396431342127,3647.0752521334366,3791.1249030256013,
Eswatini,new_infections,2027,2915.3685027152833,2861.3498836307217,3278.766485647789,3548.8595810705974,3853.3281613653994,
Eswatini,new_infections,2028,2327.711404189294,2406.2839410395654,2962.8394103956557,3432.6377036462372,3902.4359968968192,
Eswatini,new_infections,2029,1751.5128006206362,1997.0519782777346,2643.6384794414275,3304.957331264546,3943.3591931730025,
Eswatini,new_infections,2030,1214.600465477114,1632.0170674941814,2326.0744763382468,3169.0923196276185,3981.008533747091,
Eswatini,aids_deaths,2020,3295.59058,,,,,
Eswatini,aids_deaths,2021,2943.12427,,,,,
Eswatini,aids_deaths,2022,2916.11035,,,,,
Eswatini,aids_deaths,2023,2933.64014,,,,,
Eswatini,aids_deaths,2024,2861.39404,,,,,
Eswatini,aids_deaths,2025,2674.5939499709134,2674.5939499709134,2674.5939499709134,2674.5939499709134,2674.5939499709134,2674.5939499709134
Eswatini,aids_deaths,2026,2599.698662012798,2611.349040139616,2613.013379872019,2634.649796393252,2636.3141361256544,
Eswatini,aids_deaths,2027,2423.278650378127,2494.845258871437,2498.1739383362424,2611.349040139616,2613.013379872019,
Eswatini,aids_deaths,2028,2263.502036067481,2368.3554392088427,2373.34845840605,2579.7265852239675,2583.0552646887727,
Eswatini,aids_deaths,2029,2127.0261780104715,2245.194299011053,2250.187318208261,2539.782431646306,2543.1111111111113,
Eswatini,aids_deaths,2030,2003.865037812682,2128.690517742874,2137.0122164048867,2494.845258871437,2494.845258871437,
Ethiopia,new_infections,2020,10504.81938,,,,,
Ethiopia,new_infections,2021,12618.26774,,,,,
Ethiopia,new_infections,2022,9672.83594,,,,,
Ethiopia,new_infections,2023,8717.07085,,,,,
Ethiopia,new_infections,2024,7983.27045,,,,,
Ethiopia,new_infections,2025,6723.291531156498,6723.291531156498,6723.291531156498,6723.291531156498,6723.291531156498,6723.291531156498
Ethiopia,new_infections,2026,6098.110576297646,5235.111617015741,6046.185247820997,6285.0417588135815,6527.013789514765,
Ethiopia,new_infections,2027,5392.964615584754,4425.076492780018,5554.971640431899,5924.679979185638,6278.810719396384,
Ethiopia,new_infections,2028,4733.512943931313,3738.62365031872,5118.798881228047,5600.66592949135,6058.647326655393,
Ethiopia,new_infections,2029,4122.8710810459215,3141.482372837258,4720.012358527384,5300.5375308963185,5856.138545596462,
Ethiopia,new_infections,2030,3471.727461948745,2940.01209834786,4448.962143879277,5030.5258228177445,5572.626252113959,
Ethiopia,aids_deaths,2020,13019.09567,,,,,
Ethiopia,aids_deaths,2021,11878.16176,,,,,
Ethiopia,aids_deaths,2022,11127.21204,,,,,
Ethiopia,aids_deaths,2023,10301.40519,,,,,
Ethiopia,aids_deaths,2024,9598.68938,,,,,
Ethiopia,aids_deaths,2025,8489.485746702596,8489.485746702596,8489.485746702596,8489.485746702596,8489.485746702596,8489.485746702596
Ethiopia,aids_deaths,2026,8008.923131470714,7958.552545738194,8000.754928378954,7870.063678910793,7874.147780456673,
Ethiopia,aids_deaths,2027,7532.444617784711,7314.625868671111,7399.030633952631,7520.192313147071,7531.083250602752,
Ethiopia,aids_deaths,2028,6898.047510991349,6736.044816338108,6846.315558076869,7227.49836902567,7245.196142391151,
Ethiopia,aids_deaths,2029,6424.291731669267,6343.971067933627,6474.662317401787,6985.175010636789,7008.31825273011,
Ethiopia,aids_deaths,2030,6006.352006807545,6014.520209899305,6152.018295277266,6721.069777336548,6746.9357537937885,
Gabon,new_infections,2020,2217.00886,,,,,
Gabon,new_infections,2021,2257.50684,,,,,
Gabon,new_infections,2022,2046.68357,,,,,
Gabon,new_infections,2023,1998.9521,,,,,
Gabon,new_infections,2024,1671.49984,,,,,
Gabon,new_infections,2025,1566.7106382978725,1541.4283687943264,1566.7106382978725,1566.7106382978725,1566.7106382978725,1566.7106382978725
Gabon,new_infections,2026,1425.2879432624113,989.958865248227,1407.9063829787235,1543.7985815602838,1731.045390070922,
Gabon,new_infections,2027,1208.018439716312,718.1744680851064,1317.8382978723405,1522.4666666666667,1838.495035460993,
Gabon,new_infections,2028,972.577304964539,502.48510638297876,1230.9304964539008,1499.554609929078,1958.5858156028369,
Gabon,new_infections,2029,722.1248226950355,331.0397163120567,1144.8127659574468,1476.6425531914895,2103.1687943262414,
Gabon,new_infections,2030,406.0964539007092,263.0936170212766,1121.9007092198583,1452.940425531915,2130.031205673759,
Gabon,aids_deaths,2020,2353.69434,,,,,
Gabon,aids_deaths,2021,2335.59955,,,,,
Gabon,aids_deaths,2022,2115.63245,,,,,
Gabon,aids_deaths,2023,1877.39929,,,,,
Gabon,aids_deaths,2024,1690.39929,,,,,
Gabon,aids_deaths,2025,1517.2346002621232,1474.043250327654,1516.127129750983,1516.127129750983,1516.127129750983,1516.127129750983
Gabon,aids_deaths,2026,1368.8335517693315,1191.6382699868939,1406.4875491480996,1518.3420707732635,1520.5570117955438,
Gabon,aids_deaths,2027,1116.3302752293578,972.3591087811271,1346.684141546527,1546.0288335517694,1548.2437745740497,
Gabon,aids_deaths,2028,864.9344692005242,750.8650065530799,1258.0865006553079,1559.318479685452,1557.1035386631715,
Gabon,aids_deaths,2029,653.4076015727392,582.5294888597641,1201.605504587156,1563.7483617300131,1554.8885976408912,
Gabon,aids_deaths,2030,531.5858453473132,520.5111402359108,1216.002621231979,1561.5334207077326,1546.0288335517694,
Gambia,new_infections,2020,1547.5472,,,,,
Gambia,new_infections,2021,1404.12155,,,,,
Gambia,new_infections,2022,1299.04735,,,,,
Gambia,new_infections,2023,1237.67763,,,,,
Gambia,new_infections,2024,1123.62884,,,,,
Gambia,new_infections,2025,1084.2532894736842,1084.2532894736842,1084.2532894736842,1084.2532894736842,1084.2532894736842,1084.2532894736842
Gambia,new_infections,2026,1001.0625,805.1019736842105,943.7532894736842,1067.6151315789473,1097.1940789473683,
Gambia,new_infections,2027,851.3190789473684,572.1677631578947,743.171052631579,1051.9013157894735,1099.0427631578948,
Gambia,new_infections,2028,692.3322368421052,412.2565789473684,590.6546052631579,1036.1875,1100.891447368421,
Gambia,new_infections,2029,524.1019736842105,268.0592105263158,431.66776315789474,1020.4736842105262,1103.6644736842104,
Gambia,new_infections,2030,257.89144736842104,202.43092105263156,344.77960526315786,1005.6842105263157,1092.5723684210525,
Gambia,aids_deaths,2020,1419.04431,,,,,
Gambia,aids_deaths,2021,1425.37909,,,,,
Gambia,aids_deaths,2022,1354.05212,,,,,
Gambia,aids_deaths,2023,1265.24048,,,,,
Gambia,aids_deaths,2024,1191.92987,,,,,
Gambia,aids_deaths,2025,1168.7414634146342,1168.7414634146342,1168.7414634146342,1168.7414634146342,1168.7414634146342,1168.7414634146342
Gambia,aids_deaths,2026,962.9034146341463,830.3297560975609,839.6331707317073,1189.6741463414633,1190.8370731707316,
Gambia,aids_deaths,2027,701.2448780487805,530.2946341463414,544.249756097561,1207.1180487804877,1207.1180487804877,
Gambia,aids_deaths,2028,500.0585365853658,382.60292682926826,394.2321951219512,1211.769756097561,1211.769756097561,
Gambia,aids_deaths,2029,357.01853658536584,287.2429268292683,296.5463414634146,1208.280975609756,1208.280975609756,
Gambia,aids_deaths,2030,284.91707317073167,229.09658536585366,239.56292682926826,1202.4663414634147,1201.3034146341463,
Ghana,new_infections,2020,19286.8343,,,,,
Ghana,new_infections,2021,17739.41418,,,,,
Ghana,new_infections,2022,17249.02699,,,,,
Ghana,new_infections,2023,16537.10723,,,,,
Ghana,new_infections,2024,15290.14615,,,,,
Ghana,new_infections,2025,15109.981741484606,15105.168419064408,15109.981741484606,15109.981741484606,15109.981741484606,15109.981741484606
Ghana,new_infections,2026,14279.202291758484,9504.38645092237,13718.931562047472,15027.192595857205,15348.722533526412,
Ghana,new_infections,2027,12351.947994711327,5806.792167726499,10999.404394635774,14951.142101618081,15502.748850972737,
Ghana,new_infections,2028,10179.214254234086,3598.439841339797,8881.542529748787,14873.16627841088,15650.999181514826,
Ghana,new_infections,2029,7833.20090662973,2052.4006799722974,6729.987407920417,14791.339797267517,15810.80148586539,
Ghana,new_infections,2030,4637.154819618459,1563.3671220802114,5306.20663602594,14707.587987156077,15815.614808285587,
Ghana,aids_deaths,2020,15477.20264,,,,,
Ghana,aids_deaths,2021,14464.82031,,,,,
Ghana,aids_deaths,2022,13379.82178,,,,,
Ghana,aids_deaths,2023,12603.73438,,,,,
Ghana,aids_deaths,2024,12613.81396,,,,,
Ghana,aids_deaths,2025,12872.398398869791,12866.458205792323,12866.458205792323,12866.458205792323,12866.458205792323,12866.458205792323
Ghana,aids_deaths,2026,10410.188368259947,8983.551997488423,9086.515344164509,13121.886508123382,13125.846636841692,
Ghana,aids_deaths,2027,7451.972215681658,5735.256416293854,5898.611725924182,13351.573973785416,13349.593909426261,
Ghana,aids_deaths,2028,5370.924574209245,4304.659916804018,4478.905580409701,13492.158543285457,13475.327996232634,
Ghana,aids_deaths,2029,4074.9724511419827,3421.5512126206736,3627.4779059728435,13550.570441880544,13516.9093477749,
Ghana,aids_deaths,2030,3485.9033042932265,2728.5286869162546,2953.265991680402,13565.42092457421,13514.929283415744,
Guinea,new_infections,2020,6986.54184,,,,,
Guinea,new_infections,2021,6583.16347,,,,,
Guinea,new_infections,2022,6018.32447,,,,,
Guinea,new_infections,2023,5336.17513,,,,,
Guinea,new_infections,2024,4723.08599,,,,,
Guinea,new_infections,2025,4188.382638888889,4188.382638888889,4188.382638888889,4188.382638888889,4188.382638888889,4188.382638888889
Guinea,new_infections,2026,3748.8812500000004,3005.446064814815,3538.9701388888893,4064.841203703704,4140.278009259259,
Guinea,new_infections,2027,3139.9203703703706,2309.0222222222224,2888.464351851852,3968.631944444445,4083.4270833333335,
Guinea,new_infections,2028,2509.09375,1813.7631944444445,2362.593287037037,3865.862962962963,4016.7365740740743,
Guinea,new_infections,2029,1879.3604166666669,1379.7282407407408,1853.1215277777778,3766.373842592593,3952.232638888889,
Guinea,new_infections,2030,1196.0560185185186,1203.709027777778,1612.5983796296298,3670.1645833333337,3853.8368055555557,
Guinea,aids_deaths,2020,4940.57202,,,,,
Guinea,aids_deaths,2021,4376.54614,,,,,
Guinea,aids_deaths,2022,3983.24902,,,,,
Guinea,aids_deaths,2023,3736.96924,,,,,
Guinea,aids_deaths,2024,3316.87671,,,,,
Guinea,aids_deaths,2025,2757.7777022433716,2755.522773623385,2755.522773623385,2755.522773623385,2755.522773623385,2755.522773623385
Guinea,aids_deaths,2026,2509.735554044867,2319.194085656016,2387.9694085656015,2690.1298436437796,2707.0418082936776,
Guinea,aids_deaths,2027,2204.1927260367097,1916.689326988443,1994.484364377974,2748.757987763426,2774.6896668932695,
Guinea,aids_deaths,2028,1809.5802175390888,1586.342284160435,1646.0978925900747,2764.542488103331,2796.1114887831404,
Guinea,aids_deaths,2029,1480.360639021074,1331.5353501019713,1374.378993881713,2749.8854520734194,2788.219238613188,
Guinea,aids_deaths,2030,1294.3290278721956,1184.9649898028551,1225.5537049626103,2719.4439157036027,2755.522773623385,
Guinea-Bissau,new_infections,2020,1254.10879,,,,,
Guinea-Bissau,new_infections,2021,1266.92038,,,,,
Guinea-Bissau,new_infections,2022,1115.55509,,,,,
Guinea-Bissau,new_infections,2023,1050.91063,,,,,
Guinea-Bissau,new_infections,2024,881.00881,,,,,
Guinea-Bissau,new_infections,2025,741.8471794871796,741.8471794871796,741.8471794871796,741.8471794871796,741.8471794871796,741.8471794871796
Guinea-Bissau,new_infections,2026,653.2953846153847,455.4092307692308,613.5374358974359,712.0287179487179,763.5333333333334,
Guinea-Bissau,new_infections,2027,545.7682051282052,328.00307692307695,506.01025641025643,690.3425641025641,773.4728205128206,
Guinea-Bissau,new_infections,2028,438.24102564102566,243.06564102564104,416.5548717948718,666.8492307692308,783.4123076923078,
Guinea-Bissau,new_infections,2029,330.7138461538462,177.10358974358977,329.81025641025644,643.3558974358974,796.9661538461539,
Guinea-Bissau,new_infections,2030,220.47589743589745,157.2246153846154,292.76307692307694,619.8625641025642,780.7015384615385,
Guinea-Bissau,aids_deaths,2020,1378.77563,,,,,
Guinea-Bissau,aids_deaths,2021,1275.2749,,,,,
Guinea-Bissau,aids_deaths,2022,1113.29352,,,,,
Guinea-Bissau,aids_deaths,2023,1036.6868,,,,,
Guinea-Bissau,aids_deaths,2024,952.45584,,,,,
Guinea-Bissau,aids_deaths,2025,763.8939759036145,762.7469879518073,762.7469879518073,762.7469879518073,762.7469879518073,762.7469879518073
Guinea-Bissau,aids_deaths,2026,649.1951807228916,586.110843373494,605.6096385542169,712.2795180722892,713.4265060240964,
Guinea-Bissau,aids_deaths,2027,549.4072289156627,467.97108433734945,490.910843373494,719.1614457831325,720.3084337349399,
Guinea-Bissau,aids_deaths,2028,449.6192771084338,389.9759036144579,408.32771084337355,722.6024096385543,724.8963855421688,
Guinea-Bissau,aids_deaths,2029,368.18313253012053,332.6265060240964,345.2433734939759,716.8674698795181,719.1614457831325,
Guinea-Bissau,aids_deaths,2030,326.89156626506025,302.80481927710844,315.421686746988,706.544578313253,707.6915662650603,
Kenya,new_infections,2020,23795.9056,,,,,
Kenya,new_infections,2021,23591.75303,,,,,
Kenya,new_infections,2022,22953.84891,,,,,
Kenya,new_infections,2023,19838.06305,,,,,
Kenya,new_infections,2024,19990.58206,,,,,
Kenya,new_infections,2025,18527.67574152542,18447.20349576271,18527.67574152542,18527.67574152542,18527.67574152542,18527.67574152542
Kenya,new_infections,2026,17047.40995762712,14150.40911016949,17492.125,17880.72123940678,19186.27754237288,
Kenya,new_infections,2027,14945.601959745762,11663.181408898305,16333.748199152542,17282.473622881356,19314.39782838983,
Kenya,new_infections,2028,12827.91128177966,9659.846027542373,15367.022404661016,16687.40254237288,19424.517743644068,
Kenya,new_infections,2029,10763.162870762711,7918.045444915254,14443.709269067796,16095.507997881356,19552.638029661015,
Kenya,new_infections,2030,8357.466260593219,7406.62314618644,13706.752913135593,15505.731144067795,18970.273093220338,
Kenya,aids_deaths,2020,24952.30191,,,,,
Kenya,aids_deaths,2021,25221.2483,,,,,
Kenya,aids_deaths,2022,23088.74721,,,,,
Kenya,aids_deaths,2023,21199.25839,,,,,
Kenya,aids_deaths,2024,20848.55356,,,,,
Kenya,aids_deaths,2025,19885.44136337377,19871.38946658964,19873.396880415945,19873.396880415945,19873.396880415945,19873.396880415945
Kenya,aids_deaths,2026,19574.292220296553,19269.165318698248,19433.773252455227,19592.358944733296,19668.64067013287,
Kenya,aids_deaths,2027,18177.132197188523,17566.878393991912,17896.094261505874,19168.794627383017,19307.306181398035,
Kenya,aids_deaths,2028,16525.030618139805,16201.836992104756,16615.364240323514,18761.289620643172,18943.964278836895,
Kenya,aids_deaths,2029,15288.463701136145,15270.396976699403,15746.154053533603,18349.769786250723,18566.570479491624,
Kenya,aids_deaths,2030,14254.645580589255,14497.542653572116,14969.284902753707,17972.37598690545,18179.139611014827,
Lesotho,new_infections,2020,5829.44569,,,,,
Lesotho,new_infections,2021,4838.18124,,,,,
Lesotho,new_infections,2022,3936.54599,,,,,
Lesotho,new_infections,2023,3759.7663,,,,,
Lesotho,new_infections,2024,3173.63791,,,,,
Lesotho,new_infections,2025,2881.926640926641,2853.3320463320465,2881.926640926641,2881.926640926641,2881.926640926641,2881.926640926641
Lesotho,new_infections,2026,3396.629343629344,3227.1042471042474,3496.710424710425,3598.833976833977,3870.4826254826257,
Lesotho,new_infections,2027,2900.3088803088804,2867.629343629344,3235.2741312741314,3625.3861003861007,4207.490347490348,
Lesotho,new_infections,2028,2240.5907335907336,2401.9459459459463,2802.2702702702704,3468.1158301158302,4334.123552123552,
Lesotho,new_infections,2029,1619.6795366795368,1985.2818532818535,2373.3513513513517,3294.505791505792,4432.1621621621625,
Lesotho,new_infections,2030,1082.5096525096526,1619.6795366795368,1968.942084942085,3112.725868725869,4507.733590733591,
Lesotho,aids_deaths,2020,5031.99316,,,,,
Lesotho,aids_deaths,2021,4593.48853,,,,,
Lesotho,aids_deaths,2022,4262.8175,,,,,
Lesotho,aids_deaths,2023,4131.23608,,,,,
Lesotho,aids_deaths,2024,3955.97803,,,,,
Lesotho,aids_deaths,2025,3273.9310344827586,3266.135960591133,3273.9310344827586,3273.9310344827586,3273.9310344827586,3273.9310344827586
Lesotho,aids_deaths,2026,3201.8266009852214,3145.312315270936,3180.390147783251,3153.1073891625615,3155.056157635468,
Lesotho,aids_deaths,2027,3145.312315270936,3121.927093596059,3137.5172413793102,3157.004926108374,3164.7999999999997,
Lesotho,aids_deaths,2028,2967.9743842364533,2997.2059113300493,2985.5133004926106,3065.4128078817735,3079.054187192118,
Lesotho,aids_deaths,2029,2796.4827586206898,2866.63842364532,2833.5093596059114,2967.9743842364533,2985.5133004926106,
Lesotho,aids_deaths,2030,2632.7862068965514,2741.9172413793103,2691.249261083744,2872.484729064039,2893.92118226601,
Liberia,new_infections,2020,1579.2812,,,,,
Liberia,new_infections,2021,1307.37805,,,,,
Liberia,new_infections,2022,1140.7089,,,,,
Liberia,new_infections,2023,877.48658,,,,,
Liberia,new_infections,2024,681.87597,,,,,
Liberia,new_infections,2025,510.08757396449704,510.08757396449704,510.08757396449704,510.08757396449704,510.08757396449704,510.08757396449704
Liberia,new_infections,2026,446.32662721893496,334.1396449704142,428.57041420118344,476.99644970414204,501.20946745562134,
Liberia,new_infections,2027,390.6366863905326,276.83550295857987,379.3372781065089,456.01183431952666,493.13846153846157,
Liberia,new_infections,2028,337.36804733727814,234.05917159763314,336.56094674556215,435.8343195266272,485.8745562130178,
Liberia,new_infections,2029,285.7136094674556,196.93254437869822,294.5917159763314,416.4639053254438,477.80355029585803,
Liberia,new_infections,2030,205.003550295858,183.21183431952664,275.22130177514794,394.67218934911244,455.20473372781066,
Liberia,aids_deaths,2020,1585.26642,,,,,
Liberia,aids_deaths,2021,1343.41974,,,,,
Liberia,aids_deaths,2022,1164.18738,,,,,
Liberia,aids_deaths,2023,993.10886,,,,,
Liberia,aids_deaths,2024,898.36551,,,,,
Liberia,aids_deaths,2025,751.5635491606714,750.4868105515587,750.4868105515587,750.4868105515587,750.4868105515587,750.4868105515587
Liberia,aids_deaths,2026,660.0407673860911,636.3525179856115,654.6570743405275,667.57793764988,679.4220623501199,
Liberia,aids_deaths,2027,597.589928057554,553.4436450839329,577.1318944844124,636.3525179856115,653.5803357314148,
Liberia,aids_deaths,2028,510.37410071942446,466.22781774580335,484.53237410071944,611.5875299760191,634.1990407673861,
Liberia,aids_deaths,2029,436.0791366906475,407.0071942446043,421.00479616306956,585.7458033573141,613.7410071942446,
Liberia,aids_deaths,2030,398.39328537170263,371.47482014388487,385.4724220623501,560.9808153477218,587.8992805755396,
Madagascar,new_infections,2020,7856.69853,,,,,
Madagascar,new_infections,2021,8621.78149,,,,,
Madagascar,new_infections,2022,9144.56759,,,,,
Madagascar,new_infections,2023,14043.69252,,,,,
Madagascar,new_infections,2024,16182.93317,,,,,
Madagascar,new_infections,2025,16497.130207197384,16497.130207197384,16497.130207197384,16497.130207197384,16497.130207197384,16497.130207197384
Madagascar,new_infections,2026,16407.126608505998,11857.532933478735,15745.33544165758,17139.508833151584,17968.953762268266,
Madagascar,new_infections,2027,15611.212431842967,9021.537186477644,14400.575790621593,17771.298800436205,19156.648309705564,
Madagascar,new_infections,2028,14566.46477644493,6771.447219193021,13324.06215921483,18390.735332606328,20418.463467829883,
Madagascar,new_infections,2029,13271.118865866958,4747.2486368593245,12044.599236641223,19008.407088331518,21780.870883315158,
Madagascar,new_infections,2030,3718.383969465649,4328.996619411124,11546.932279171211,19627.843620501637,22739.14449291167,
Madagascar,aids_deaths,2020,3045.68823,,,,,
Madagascar,aids_deaths,2021,3142.70532,,,,,
Madagascar,aids_deaths,2022,3112.62024,,,,,
Madagascar,aids_deaths,2023,3129.64673,,,,,
Madagascar,aids_deaths,2024,3076.24805,,,,,
Madagascar,aids_deaths,2025,3163.558393189678,3163.558393189678,3163.558393189678,3163.558393189678,3163.558393189678,3163.558393189678
Madagascar,aids_deaths,2026,2729.85794094174,2386.1707901037507,2406.628358606012,3450.782654961426,3454.8741686618782,
Madagascar,aids_deaths,2027,2054.7581803671187,1499.1306198457037,1552.320297951583,3730.6421920723596,3735.5520085129024,
Madagascar,aids_deaths,2028,1504.0404362862464,1034.3346634743282,1103.072093641926,3976.1330140994946,3982.679436020218,
Madagascar,aids_deaths,2029,1083.4328278797552,744.6554934823091,828.122372971535,4198.711359404097,4211.804203245544,
Madagascar,aids_deaths,2030,844.4884277733439,552.3543495610535,650.5506783719075,4414.743282787976,4439.292364990689,
Malawi,new_infections,2020,19002.15476,,,,,
Malawi,new_infections,2021,16434.94457,,,,,
Malawi,new_infections,2022,15077.07418,,,,,
Malawi,new_infections,2023,12911.97784,,,,,
Malawi,new_infections,2024,11757.20218,,,,,
Malawi,new_infections,2025,10915.089043021839,10915.089043021839,10915.089043021839,10915.089043021839,10915.089043021839,10915.089043021839
Malawi,new_infections,2026,10073.178086043677,7905.587965132628,10405.975349142374,10392.751616833817,11538.808416908802,
Malawi,new_infections,2027,8978.914237510544,6414.612147342768,9920.003186802887,9916.697253725748,11776.835598462836,
Malawi,new_infections,2028,7864.814790514575,5224.476239572594,9418.603336770082,9438.438935232918,12009.352891554972,
Malawi,new_infections,2029,6796.998406598556,4245.920048739338,8916.101509044896,8960.180616740088,12281.54138157278,
Malawi,new_infections,2030,5731.385978067297,3940.672227950136,8401.477926703534,8463.188677476803,11815.40481769613,
Malawi,aids_deaths,2020,16103.44678,,,,,
Malawi,aids_deaths,2021,15504.44238,,,,,
Malawi,aids_deaths,2022,14958.43701,,,,,
Malawi,aids_deaths,2023,14416.51025,,,,,
Malawi,aids_deaths,2024,13694.43994,,,,,
Malawi,aids_deaths,2025,12902.297770890453,12902.297770890453,12902.297770890453,12902.297770890453,12902.297770890453,12902.297770890453
Malawi,aids_deaths,2026,12441.967814995829,12430.541184884969,12464.821075217547,12366.87853141018,12350.554774108952,
Malawi,aids_deaths,2027,11922.872332816785,11705.766360710455,11808.60603170819,11950.622720228872,11958.784598879485,
Malawi,aids_deaths,2028,11222.583144594111,11043.021814280606,11193.200381451901,11555.58779353916,11589.867683871738,
Malawi,aids_deaths,2029,10674.104899272857,10569.632852545,10750.82655858863,11176.876624150675,11235.642150435095,
Malawi,aids_deaths,2030,10192.554058886637,10177.862677315532,10380.277267850757,10816.12158779354,10909.167004410538,
Mali,new_infections,2020,5281.22313,,,,,
Mali,new_infections,2021,5055.01315,,,,,
Mali,new_infections,2022,4823.18142,,,,,
Mali,new_infections,2023,4278.30782,,,,,
Mali,new_infections,2024,4002.81202,,,,,
Mali,new_infections,2025,3684.758262075341,3684.758262075341,3684.758262075341,3684.758262075341,3684.758262075341,3684.758262075341
Mali,new_infections,2026,3282.3304830136353,2619.9436098913798,3051.0501502195516,3588.5456436330023,3672.7316847700486,
Mali,new_infections,2027,2704.129651028426,1867.8199676450197,2397.9144904090595,3495.108389184192,3623.700254217703,
Mali,new_infections,2028,2116.6776057314537,1310.8969262768662,1882.621908943841,3400.746013404206,3571.893459671828,
Mali,new_infections,2029,1532.0009244280102,852.0367460134042,1385.8317541021493,3306.3836376242202,3520.0866651259535,
Mali,new_infections,2030,850.1865033510516,704.942454356367,1154.5514213080658,3210.171019181881,3425.7242893459675,
Mali,aids_deaths,2020,4911.05566,,,,,
Mali,aids_deaths,2021,4512.94141,,,,,
Mali,aids_deaths,2022,4393.28931,,,,,
Mali,aids_deaths,2023,3810.43494,,,,,
Mali,aids_deaths,2024,3235.68213,,,,,
Mali,aids_deaths,2025,2909.5055456171735,2908.347763864043,2908.347763864043,2908.347763864043,2908.347763864043,2908.347763864043
Mali,aids_deaths,2026,2698.789266547406,2537.8576028622538,2561.0132379248657,2973.183542039356,2994.0236135957066,
Mali,aids_deaths,2027,2286.618962432916,1997.1735241502683,2040.0114490161002,3079.6994633273703,3108.644007155635,
Mali,aids_deaths,2028,1824.6640429338104,1585.0032200357782,1634.7878354203935,3134.115205724508,3168.848658318426,
Mali,aids_deaths,2029,1461.120572450805,1304.8200357781752,1349.9735241502683,3149.1663685152057,3188.5309481216455,
Mali,aids_deaths,2030,1279.3488372093022,1126.5216457960644,1172.8329159212878,3139.9041144901607,3173.479785330948,
Mauritania,new_infections,2020,169.29328,,,,,
Mauritania,new_infections,2021,195.42708,,,,,
Mauritania,new_infections,2022,201.78356,,,,,
Mauritania,new_infections,2023,190.63848,,,,,
Mauritania,new_infections,2024,184.33446,,,,,
Mauritania,new_infections,2025,190.09271523178808,190.09271523178808,190.09271523178808,190.09271523178808,190.09271523178808,190.09271523178808
Mauritania,new_infections,2026,159.6291390728477,129.16556291390728,140.13245033112582,181.56291390728478,188.87417218543047,
Mauritania,new_infections,2027,127.94701986754967,95.04635761589404,108.45033112582782,173.03311258278146,184.0,
Mauritania,new_infections,2028,98.70198675496688,67.01986754966887,81.64238410596026,165.72185430463577,179.12582781456953,
Mauritania,new_infections,2029,69.45695364238411,41.43046357615894,54.83443708609271,157.19205298013244,174.25165562913907,
Mauritania,new_infections,2030,40.211920529801326,36.556291390728475,48.741721854304636,148.66225165562915,166.94039735099338,
Mauritania,aids_deaths,2020,305.62009,,,,,
Mauritania,aids_deaths,2021,274.78604,,,,,
Mauritania,aids_deaths,2022,238.83169,,,,,
Mauritania,aids_deaths,2023,210.25165,,,,,
Mauritania,aids_deaths,2024,183.92813,,,,,
Mauritania,aids_deaths,2025,173.848275862069,172.5793103448276,172.5793103448276,172.5793103448276,172.5793103448276,172.5793103448276
Mauritania,aids_deaths,2026,158.6206896551724,153.5448275862069,153.5448275862069,171.31034482758622,,
Mauritania,aids_deaths,2027,138.31724137931036,124.35862068965518,125.62758620689657,173.848275862069,,
Mauritania,aids_deaths,2028,110.4,97.71034482758621,97.71034482758621,170.04137931034484,172.5793103448276,
Mauritania,aids_deaths,2029,90.09655172413794,81.21379310344828,81.21379310344828,167.50344827586207,170.04137931034484,
Mauritania,aids_deaths,2030,77.40689655172415,71.06206896551724,71.06206896551724,163.69655172413795,166.23448275862071,
Mauritius,new_infections,2020,946.14123,,,,,
Mauritius,new_infections,2021,935.61865,,,,,
Mauritius,new_infections,2022,982.71692,,,,,
Mauritius,new_infections,2023,988.37499,,,,,
Mauritius,new_infections,2024,1038.96255,,,,,
Mauritius,new_infections,2025,1034.167441860465,1034.167441860465,1034.167441860465,1034.167441860465,1034.167441860465,1034.167441860465
Mauritius,new_infections,2026,979.8011627906977,780.4581395348837,936.3081395348837,1025.710465116279,1396.6093023255814,
Mauritius,new_infections,2027,863.8197674418604,579.9069767441861,768.3767441860465,1014.8372093023256,1542.7941860465116,
Mauritius,new_infections,2028,740.589534883721,443.3872093023256,647.5627906976745,1003.9639534883721,1686.5627906976745,
Mauritius,new_infections,2029,606.4860465116279,311.7,511.043023255814,991.8825581395349,1833.9558139534884,
Mauritius,new_infections,2030,234.37906976744188,222.29767441860466,428.88953488372096,977.3848837209302,1797.7116279069767,
Mauritius,aids_deaths,2020,593.85239,,,,,
Mauritius,aids_deaths,2021,598.93362,,,,,
Mauritius,aids_deaths,2022,606.4682,,,,,
Mauritius,aids_deaths,2023,634.79008,,,,,
Mauritius,aids_deaths,2024,613.37605,,,,,
Mauritius,aids_deaths,2025,621.6609105180534,621.6609105180534,621.6609105180534,621.6609105180534,621.6609105180534,621.6609105180534
Mauritius,aids_deaths,2026,474.42543171114596,394.552590266876,395.51491365777076,629.359497645212,631.2841444270016,
Mauritius,aids_deaths,2027,315.6420722135008,217.48508634222918,219.40973312401883,638.0204081632653,636.0957613814757,
Mauritius,aids_deaths,2028,209.78649921507065,146.27315541601254,148.1978021978022,645.7189952904239,639.945054945055,
Mauritius,aids_deaths,2029,138.574568288854,100.08163265306122,103.9309262166405,653.4175824175824,648.6059654631083,
Mauritius,aids_deaths,2030,102.96860282574568,71.21193092621664,75.06122448979592,659.1915227629513,662.0784929356357,
Mozambique,new_infections,2020,125808.1737,,,,,
Mozambique,new_infections,2021,118823.3087,,,,,
Mozambique,new_infections,2022,108553.948,,,,,
Mozambique,new_infections,2023,100488.25,,,,,
Mozambique,new_infections,2024,91525.13228,,,,,
Mozambique,new_infections,2025,80622.95123883606,80622.95123883606,80622.95123883606,80622.95123883606,80622.95123883606,80622.95123883606
Mozambique,new_infections,2026,73531.14808412561,56489.19835782195,72029.46305099395,78881.31302218381,81133.18135983867,
Mozambique,new_infections,2027,62443.20152693748,42198.799697493516,62422.10674157303,77751.42358110055,81226.7894698934,
Mozambique,new_infections,2028,50775.14837222702,31713.37294727744,54718.55481129357,76530.5628781331,81171.41565831171,
Mozambique,new_infections,2029,39076.77146355517,23358.519518870642,47200.90067703831,75093.48062518006,80897.1834485739,
Mozambique,new_infections,2030,27657.900460962257,20966.898228176316,42906.79343128781,73586.52189570728,79383.63259867473,
Mozambique,aids_deaths,2020,50072.13867,,,,,
Mozambique,aids_deaths,2021,49816.91016,,,,,
Mozambique,aids_deaths,2022,48766.43555,,,,,
Mozambique,aids_deaths,2023,46296.33984,,,,,
Mozambique,aids_deaths,2024,44044.08398,,,,,
Mozambique,aids_deaths,2025,39143.16675908469,39118.74400207017,39118.74400207017,39118.74400207017,39118.74400207017,39118.74400207017
Mozambique,aids_deaths,2026,36575.5209049573,35290.88388599313,35937.27285497764,37410.77919485416,38153.23100809582,
Mozambique,aids_deaths,2027,33879.2485305534,32024.747181250234,33188.89859894274,37033.04055302947,38158.11555949873,
Mozambique,aids_deaths,2028,30842.68574174707,29159.1436915456,30697.77738346087,36824.63302650549,38319.30575579461,
Mozambique,aids_deaths,2029,28947.47979741969,26809.674466747994,28449.255554323317,36604.82821337474,38457.70137887694,
Mozambique,aids_deaths,2030,27133.683043140736,25124.504232745556,26834.097223762525,36337.8060700159,38177.65376511035,
Namibia,new_infections,2020,4513.90717,,,,,
Namibia,new_infections,2021,4902.88723,,,,,
Namibia,new_infections,2022,4388.45384,,,,,
Namibia,new_infections,2023,4651.38884,,,,,
Namibia,new_infections,2024,4494.65419,,,,,
Namibia,new_infections,2025,3556.770909090909,3556.770909090909,3556.770909090909,3556.770909090909,3556.770909090909,3556.770909090909
Namibia,new_infections,2026,3229.8618181818183,2997.7563636363634,3416.2,3282.1672727272726,3409.661818181818,
Namibia,new_infections,2027,2880.069090909091,2670.847272727273,3272.36,3086.021818181818,3278.898181818182,
Namibia,new_infections,2028,2536.8145454545456,2376.629090909091,3118.712727272727,2889.8763636363637,3144.8654545454547,
Namibia,new_infections,2029,2216.4436363636364,2115.101818181818,2971.6036363636363,2703.538181818182,3014.101818181818,
Namibia,new_infections,2030,1922.2254545454546,1958.1854545454546,2772.1890909090907,2527.0072727272727,2821.2254545454543,
Namibia,aids_deaths,2020,3656.8385,,,,,
Namibia,aids_deaths,2021,3474.66992,,,,,
Namibia,aids_deaths,2022,3316.91785,,,,,
Namibia,aids_deaths,2023,3316.7594,,,,,
Namibia,aids_deaths,2024,3208.14062,,,,,
Namibia,aids_deaths,2025,2894.9323927101705,2893.0464432686654,2893.0464432686654,2893.0464432686654,2893.0464432686654,2893.0464432686654
Namibia,aids_deaths,2026,2721.425044091711,2713.881246325691,2719.5390946502057,2689.363903586126,2691.2498530276307,
Namibia,aids_deaths,2027,2591.294532627866,2564.891240446796,2576.206937095826,2587.522633744856,2589.408583186361,
Namibia,aids_deaths,2028,2438.5326278659613,2436.6466784244562,2451.734273956496,2489.453262786596,2493.225161669606,
Namibia,aids_deaths,2029,2314.0599647266313,2336.6913580246915,2353.6649029982364,2397.041740152851,2400.8136390358613,
Namibia,aids_deaths,2030,2206.5608465608466,2246.1657848324517,2266.9112286890063,2308.4021164021165,2315.9459141681364,
Niger,new_infections,2020,1435.1057,,,,,
Niger,new_infections,2021,1360.37058,,,,,
Niger,new_infections,2022,1249.77909,,,,,
Niger,new_infections,2023,1190.82079,,,,,
Niger,new_infections,2024,1150.86078,,,,,
Niger,new_infections,2025,1162.2622309197652,1162.2622309197652,1162.2622309197652,1162.2622309197652,1162.2622309197652,1162.2622309197652
Niger,new_infections,2026,1046.261252446184,864.9393346379647,967.4256360078277,1146.495107632094,1208.4373776908024,
Niger,new_infections,2027,866.0655577299412,636.3160469667318,762.4530332681018,1121.7181996086106,1218.573385518591,
Niger,new_infections,2028,680.238747553816,461.7514677103718,596.8982387475538,1096.9412915851271,1229.835616438356,
Niger,new_infections,2029,492.1594911937378,310.83757338551857,432.4696673189824,1074.416829745597,1245.6027397260273,
Niger,new_infections,2030,302.95401174168296,259.0313111545988,354.7602739726027,1053.018590998043,1226.4569471624266,
Niger,aids_deaths,2020,1179.91861,,,,,
Niger,aids_deaths,2021,1151.82477,,,,,
Niger,aids_deaths,2022,1101.17896,,,,,
Niger,aids_deaths,2023,1031.36523,,,,,
Niger,aids_deaths,2024,978.98489,,,,,
Niger,aids_deaths,2025,1024.0493827160494,1021.8518518518518,1021.8518518518518,1021.8518518518518,1021.8518518518518,1021.8518518518518
Niger,aids_deaths,2026,926.2592592592592,858.1358024691358,863.6296296296297,1016.358024691358,1018.5555555555555,
Niger,aids_deaths,2027,750.4567901234568,639.4814814814815,649.3703703703703,997.679012345679,1000.9753086419753,
Niger,aids_deaths,2028,575.7530864197531,477.96296296296293,488.95061728395063,977.9012345679013,981.1975308641976,
Niger,aids_deaths,2029,440.6049382716049,370.28395061728395,381.2716049382716,959.2222222222222,963.6172839506173,
Niger,aids_deaths,2030,358.1975308641975,318.641975308642,329.6296296296296,942.7407407407408,946.0370370370371,
Nigeria,new_infections,2020,78210.67736,,,,,
Nigeria,new_infections,2021,72387.66172,,,,,
Nigeria,new_infections,2022,62586.22154,,,,,
Nigeria,new_infections,2023,58930.10093,,,,,
Nigeria,new_infections,2024,48097.58637,,,,,
Nigeria,new_infections,2025,40619.6100230863,40617.11473113538,40617.11473113538,40617.11473113538,40617.11473113538,40617.11473113538
Nigeria,new_infections,2026,35891.03177608882,29251.059894684964,34250.3773183575,38721.94049441,42089.336982179455,
Nigeria,new_infections,2027,30360.21716686986,23016.57295530596,29886.111696194654,37119.96306191798,42377.54320251096,
Nigeria,new_infections,2028,24987.853596534464,17916.196207621073,26151.907291639647,35478.0609582112,42644.53944125963,
Nigeria,new_infections,2029,19944.868563720785,13545.692355580919,22720.880859121684,33849.8829602345,42996.37560633966,
Nigeria,new_infections,2030,13473.328889004177,12543.832637285674,21264.878005758605,32232.933776036938,41413.112863479546,
Nigeria,aids_deaths,2020,64099.18164,,,,,
Nigeria,aids_deaths,2021,57005.77148,,,,,
Nigeria,aids_deaths,2022,51023.64453,,,,,
Nigeria,aids_deaths,2023,46036.38281,,,,,
Nigeria,aids_deaths,2024,42176.13672,,,,,
Nigeria,aids_deaths,2025,36037.82247163397,36015.363617744646,36015.363617744646,36015.363617744646,36015.363617744646,36015.363617744646
Nigeria,aids_deaths,2026,33271.92823495679,32703.546471142425,32802.01990742637,33627.81468889526,33702.101667144554,
Nigeria,aids_deaths,2027,31260.997009789866,30319.452750583707,30537.13087289559,33624.359480604595,33772.93343710319,
Nigeria,aids_deaths,2028,28470.916315078033,27710.770491131774,27900.80694711834,33703.82927128989,33852.403227788476,
Nigeria,aids_deaths,2029,25770.671035923486,26024.62884528735,26130.012698152623,33505.15479457666,33598.44541842461,
Nigeria,aids_deaths,2030,23685.45283250727,24922.417400565275,24880.954901077297,33087.07459140622,33057.705320935565,
Rwanda,new_infections,2020,3165.23927,,,,,
Rwanda,new_infections,2021,3366.9729,,,,,
Rwanda,new_infections,2022,3119.92644,,,,,
Rwanda,new_infections,2023,2921.57293,,,,,
Rwanda,new_infections,2024,2555.49174,,,,,
Rwanda,new_infections,2025,1847.121212121212,1840.8008658008657,1847.121212121212,1847.121212121212,1847.121212121212,1847.121212121212
Rwanda,new_infections,2026,1695.4329004329004,1384.155844155844,1727.0346320346318,1698.5930735930735,1806.038961038961,
Rwanda,new_infections,2027,1592.7272727272725,1169.2640692640691,1641.7099567099567,1605.3679653679653,1769.6969696969695,
Rwanda,new_infections,2028,1496.3419913419912,995.4545454545454,1561.125541125541,1516.8831168831168,1734.935064935065,
Rwanda,new_infections,2029,1396.7965367965367,846.9264069264069,1474.2207792207791,1425.2380952380952,1693.8528138528138,
Rwanda,new_infections,2030,1287.7705627705627,783.7229437229437,1377.8354978354978,1335.17316017316,1594.307359307359,
Rwanda,aids_deaths,2020,3339.4856,,,,,
Rwanda,aids_deaths,2021,3171.8429,,,,,
Rwanda,aids_deaths,2022,3022.03064,,,,,
Rwanda,aids_deaths,2023,2938.30676,,,,,
Rwanda,aids_deaths,2024,2764.646,,,,,
Rwanda,aids_deaths,2025,2407.3100616016427,2407.3100616016427,2407.3100616016427,2407.3100616016427,2407.3100616016427,2407.3100616016427
Rwanda,aids_deaths,2026,2218.056125941136,2221.8412046543463,2227.5188227241615,2204.808350444901,2206.7008898015056,
Rwanda,aids_deaths,2027,2153.709787816564,2140.4620123203285,2155.602327173169,2142.3545516769336,2148.032169746749,
Rwanda,aids_deaths,2028,2072.330595482546,2043.9425051334701,2062.867898699521,2081.7932922655714,2089.3634496919917,
Rwanda,aids_deaths,2029,1990.9514031485285,1968.2409308692677,1990.9514031485285,2015.5544147843943,2026.9096509240246,
Rwanda,aids_deaths,2030,1922.8199863107461,1898.2169746748802,1922.8199863107461,1947.422997946612,1960.6707734428473,
Senegal,new_infections,2020,1857.85712,,,,,
Senegal,new_infections,2021,2268.85325,,,,,
Senegal,new_infections,2022,3145.49309,,,,,
Senegal,new_infections,2023,3060.88506,,,,,
Senegal,new_infections,2024,2977.56484,,,,,
Senegal,new_infections,2025,2642.092890995261,2642.092890995261,2642.092890995261,2642.092890995261,2642.092890995261,2642.092890995261
Senegal,new_infections,2026,2430.38672985782,2102.9478672985783,2410.627488151659,2517.8919431279623,2585.637914691943,
Senegal,new_infections,2027,2165.0483412322274,1755.7497630331754,2162.2255924170618,2410.627488151659,2512.2464454976302,
Senegal,new_infections,2028,1905.3554502369668,1487.5886255924172,1958.9876777251186,2309.0085308056873,2441.6777251184835,
Senegal,new_infections,2029,1651.308056872038,1253.3004739336493,1769.8635071090048,2210.2123222748814,2373.9317535545024,
Senegal,new_infections,2030,1075.467298578199,1148.8587677725118,1634.3715639810428,2117.0616113744077,2280.7810426540286,
Senegal,aids_deaths,2020,1059.49533,,,,,
Senegal,aids_deaths,2021,996.34747,,,,,
Senegal,aids_deaths,2022,978.05255,,,,,
Senegal,aids_deaths,2023,968.66083,,,,,
Senegal,aids_deaths,2024,965.61554,,,,,
Senegal,aids_deaths,2025,871.9974391805379,871.9974391805379,871.9974391805379,871.9974391805379,871.9974391805379,871.9974391805379
Senegal,aids_deaths,2026,812.6274007682459,786.6530089628682,791.6005121638925,874.47119078105,879.4186939820743,
Senegal,aids_deaths,2027,713.6773367477593,674.0973111395647,681.5185659411012,881.8924455825864,890.550576184379,
Senegal,aids_deaths,2028,615.9641485275289,598.6478873239437,606.0691421254802,891.7874519846351,,
Senegal,aids_deaths,2029,562.7784891165173,545.4622279129321,552.8834827144686,874.47119078105,886.8399487836108,
Senegal,aids_deaths,2030,524.4353393085788,500.9346991037132,509.5928297055058,863.3393085787452,874.47119078105,
Sierra Leone,new_infections,2020,4766.30517,,,,,
Sierra Leone,new_infections,2021,4053.58472,,,,,
Sierra Leone,new_infections,2022,3543.31793,,,,,
Sierra Leone,new_infections,2023,2864.0457,,,,,
Sierra Leone,new_infections,2024,2493.18596,,,,,
Sierra Leone,new_infections,2025,2104.728510638298,2104.728510638298,2104.728510638298,2104.728510638298,2104.728510638298,2104.728510638298
Sierra Leone,new_infections,2026,1839.515744680851,1313.3336170212765,1699.483404255319,2028.3472340425533,2099.424255319149,
Sierra Leone,new_infections,2027,1563.6944680851063,974.9221276595745,1436.392340425532,1977.4263829787233,2089.876595744681,
Sierra Leone,new_infections,2028,1283.6297872340426,721.3787234042553,1192.3965957446808,1922.2621276595744,2076.0855319148936,
Sierra Leone,new_infections,2029,1006.7476595744681,525.1212765957447,955.8268085106383,1867.0978723404255,2063.3553191489364,
Sierra Leone,new_infections,2030,716.0744680851063,484.80893617021275,883.6889361702127,1814.0553191489362,2012.4344680851063,
Sierra Leone,aids_deaths,2020,2781.25378,,,,,
Sierra Leone,aids_deaths,2021,2581.2041,,,,,
Sierra Leone,aids_deaths,2022,2315.28198,,,,,
Sierra Leone,aids_deaths,2023,1973.28888,,,,,
Sierra Leone,aids_deaths,2024,1799.08783,,,,,
Sierra Leone,aids_deaths,2025,1494.3138728323697,1492.2341040462427,1492.2341040462427,1492.2341040462427,1492.2341040462427,1492.2341040462427
Sierra Leone,aids_deaths,2026,1286.336994219653,1190.6676300578033,1216.664739884393,1351.8497109826587,1352.8895953757224,
Sierra Leone,aids_deaths,2027,1138.673410404624,1005.5682080924854,1044.043930635838,1313.3739884393062,1316.493641618497,
Sierra Leone,aids_deaths,2028,948.3745664739884,818.3890173410404,855.8248554913293,1283.2173410404623,1288.4167630057802,
Sierra Leone,aids_deaths,2029,777.8335260115606,670.7254335260114,706.0815028901734,1247.8612716763005,1255.1404624277454,
Sierra Leone,aids_deaths,2030,672.8052023121387,616.6514450867052,652.007514450867,1212.5052023121386,1221.8641618497109,
Somalia,new_infections,2020,369.48717,,,,,
Somalia,new_infections,2021,363.81959,,,,,
Somalia,new_infections,2022,312.53663,,,,,
Somalia,new_infections,2023,282.17098,,,,,
Somalia,new_infections,2024,255.58643,,,,,
Somalia,new_infections,2025,239.8881118881119,239.8881118881119,239.8881118881119,239.8881118881119,239.8881118881119,239.8881118881119
Somalia,new_infections,2026,211.24475524475525,153.95804195804195,192.44755244755245,232.72727272727272,238.993006993007,
Somalia,new_infections,2027,174.54545454545453,108.3076923076923,153.95804195804195,224.67132867132867,234.5174825174825,
Somalia,new_infections,2028,138.74125874125875,73.3986013986014,121.73426573426573,216.6153846153846,230.93706293706293,
Somalia,new_infections,2029,103.83216783216783,44.75524475524475,90.4055944055944,208.55944055944056,226.46153846153845,
Somalia,new_infections,2030,52.81118881118881,39.38461538461539,78.76923076923077,201.3986013986014,218.4055944055944,
Somalia,aids_deaths,2020,424.73618,,,,,
Somalia,aids_deaths,2021,397.03543,,,,,
Somalia,aids_deaths,2022,363.06258,,,,,
Somalia,aids_deaths,2023,318.52917,,,,,
Somalia,aids_deaths,2024,265.71232,,,,,
Somalia,aids_deaths,2025,249.8787878787879,249.8787878787879,249.8787878787879,249.8787878787879,249.8787878787879,249.8787878787879
Somalia,aids_deaths,2026,230.3030303030303,218.7878787878788,219.93939393939397,255.63636363636365,256.7878787878788,
Somalia,aids_deaths,2027,187.69696969696972,161.21212121212122,163.51515151515153,260.24242424242425,262.54545454545456,
Somalia,aids_deaths,2028,140.4848484848485,117.45454545454547,118.60606060606061,262.54545454545456,263.69696969696975,
Somalia,aids_deaths,2029,107.0909090909091,90.96969696969698,93.27272727272728,260.24242424242425,262.54545454545456,
Somalia,aids_deaths,2030,86.36363636363637,72.54545454545455,74.84848484848486,257.93939393939394,259.0909090909091,
South Africa,new_infections,2020,197228.4029,,,,,
South Africa,new_infections,2021,189479.0957,,,,,
South Africa,new_infections,2022,181052.4975,,,,,
South Africa,new_infections,2023,172334.4955,,,,,
South Africa,new_infections,2024,166536.1699,,,,,
South Africa,new_infections,2025,162096.13189179133,162096.13189179133,162096.13189179133,162096.13189179133,162096.13189179133,162096.13189179133
South Africa,new_infections,2026,152469.40889246247,118239.70788174395,153426.65862167496,160363.12255543668,170631.7008645265,
South Africa,new_infections,2027,134346.95621548707,91691.24429352702,137222.02534438192,158735.24469223255,174763.92108288425,
South Africa,new_infections,2028,115356.89222324852,73265.57031504383,125565.71158970543,156970.14259038988,178170.1808129606,
South Africa,new_infections,2029,95684.02697907461,58119.998298856386,113639.37594609502,155195.08066477504,181589.7203080665,
South Africa,new_infections,2030,74310.2451640341,53785.26166379821,106606.63371586915,154381.69505671586,181189.11406300878,
South Africa,aids_deaths,2020,58058.27539,,,,,
South Africa,aids_deaths,2021,56202.16602,,,,,
South Africa,aids_deaths,2022,55170.78125,,,,,
South Africa,aids_deaths,2023,54229.55469,,,,,
South Africa,aids_deaths,2024,53298.7832,,,,,
South Africa,aids_deaths,2025,55624.033069206074,55624.033069206074,55624.033069206074,55624.033069206074,55624.033069206074,55624.033069206074
South Africa,aids_deaths,2026,51913.32321832546,49807.34702531121,49953.80580132419,59948.98597638252,60095.4447523955,
South Africa,aids_deaths,2027,42104.37295242156,40372.119153371474,40377.80074382025,63260.09063236565,63309.331082921744,
South Africa,aids_deaths,2028,33625.5461393597,35964.467540773905,35181.03934666998,65574.39180850182,65174.155325776694,
South Africa,aids_deaths,2029,27774.139264944508,32219.668147200606,30739.92947920738,67131.14759146738,66107.1987350318,
South Africa,aids_deaths,2030,23549.561122363168,31262.63580049509,28230.56036432979,68168.35349228345,66325.62432339598,
South Sudan,new_infections,2020,8858.48955,,,,,
South Sudan,new_infections,2021,8829.77602,,,,,
South Sudan,new_infections,2022,8323.69002,,,,,
South Sudan,new_infections,2023,7549.98385,,,,,
South Sudan,new_infections,2024,7508.57729,,,,,
South Sudan,new_infections,2025,7303.193422083007,7303.193422083007,7303.193422083007,7303.193422083007,7303.193422083007,7303.193422083007
South Sudan,new_infections,2026,6829.2502740798745,4790.001096319499,6494.0795614722,7242.039467501958,7497.239624119029,
South Sudan,new_infections,2027,5857.843226311668,3149.4286609240407,5159.276898981989,7185.5896632732965,7618.371495693031,
South Sudan,new_infections,2028,4772.360532498043,2167.43727486296,4100.843069694597,7116.2034455755675,7725.390916209867,
South Sudan,new_infections,2029,3605.7312451057164,1401.8368050117463,3017.7124510571653,7036.232889584965,7834.762411902897,
South Sudan,new_infections,2030,2013.3763508222396,1084.3066562255285,2336.7866875489426,6948.030070477682,7805.3614722004695,
South Sudan,aids_deaths,2020,7503.69482,,,,,
South Sudan,aids_deaths,2021,7214.19385,,,,,
South Sudan,aids_deaths,2022,6550.20581,,,,,
South Sudan,aids_deaths,2023,5546.82861,,,,,
South Sudan,aids_deaths,2024,5055.48145,,,,,
South Sudan,aids_deaths,2025,5014.645456679971,5014.645456679971,5014.645456679971,5014.645456679971,5014.645456679971,5014.645456679971
South Sudan,aids_deaths,2026,4372.533458558347,3881.1575487203568,3931.0072787039207,5282.8844799248645,5276.949988260155,
South Sudan,aids_deaths,2027,3281.773890584644,2544.7100258276587,2640.848790795961,5489.404789856773,5477.535806527353,
South Sudan,aids_deaths,2028,2388.0394458793144,1848.000704390702,1934.6442826954683,5600.973233153322,5574.861469828598,
South Sudan,aids_deaths,2029,1744.7405494247475,1423.091101197464,1501.4263911716364,5650.822963136886,5610.468419816858,
South Sudan,aids_deaths,2030,1429.025592862174,1110.9368396337168,1191.645926273773,5666.252641465132,5615.216013148626,
Sudan,new_infections,2020,4429.85596,,,,,
Sudan,new_infections,2021,4899.68535,,,,,
Sudan,new_infections,2022,5862.24939,,,,,
Sudan,new_infections,2023,6650.65497,,,,,
Sudan,new_infections,2024,6811.67424,,,,,
Sudan,new_infections,2025,7015.10269758637,7015.10269758637,7015.10269758637,7015.10269758637,7015.10269758637,7015.10269758637
Sudan,new_infections,2026,6743.224483356997,5346.221801545985,6225.258873639375,7296.652468843666,7438.501971919861,
Sudan,new_infections,2027,5908.246726613031,3818.1157911342484,4905.628648051743,7592.172266919072,7839.3342798548665,
Sudan,new_infections,2028,4842.226218646474,2648.9320082031863,3778.3549455750117,7854.378924120523,8220.823473734028,
Sudan,new_infections,2029,3573.103013093548,1541.0014197823,2514.60482725982,8109.063259189146,8615.208076983752,
Sudan,new_infections,2030,1777.417258242625,1079.9905347846664,1819.3273386969554,8364.822211705316,8947.264868275754,
Sudan,aids_deaths,2020,1798.99091,,,,,
Sudan,aids_deaths,2021,1925.80945,,,,,
Sudan,aids_deaths,2022,2141.36279,,,,,
Sudan,aids_deaths,2023,2349.88269,,,,,
Sudan,aids_deaths,2024,2541.85669,,,,,
Sudan,aids_deaths,2025,2617.1741511500545,2617.1741511500545,2617.1741511500545,2617.1741511500545,2617.1741511500545,2617.1741511500545
Sudan,aids_deaths,2026,2073.5536692223436,1771.4649507119386,1779.8176341730557,2711.141840087623,2721.5826944140194,
Sudan,aids_deaths,2027,1516.0120481927709,1132.484665936473,1150.5821467688936,2831.5596933187294,2846.8729463307773,
Sudan,aids_deaths,2028,1090.025191675794,787.9364731653887,811.6024096385541,2940.1445783132526,2961.722343921139,
Sudan,aids_deaths,2029,793.5049288061335,576.3351588170865,602.7853231106243,3050.8176341730555,3081.444140197152,
Sudan,aids_deaths,2030,609.0498357064622,407.1933187294633,431.55531215772174,3166.36308871851,3201.8619934282583,
United Republic of Tanzania,new_infections,2020,76676.4713,,,,,
United Republic of Tanzania,new_infections,2021,71465.98622,,,,,
United Republic of Tanzania,new_infections,2022,62325.12936,,,,,
United Republic of Tanzania,new_infections,2023,53907.81058,,,,,
United Republic of Tanzania,new_infections,2024,43208.02675,,,,,
United Republic of Tanzania,new_infections,2025,32863.87406296851,32837.37331334333,32862.40179910045,32862.40179910045,32862.40179910045,32862.40179910045
United Republic of Tanzania,new_infections,2026,30135.76911544228,26113.544227886057,30799.76011994003,31107.463268365816,31697.841079460268,
United Republic of Tanzania,new_infections,2027,26363.82908545727,21905.814092953522,28414.692653673163,29948.7916041979,30751.17541229385,
United Republic of Tanzania,new_infections,2028,22491.77511244378,18556.41379310345,26455.10944527736,28744.47976011994,29725.007496251874,
United Republic of Tanzania,new_infections,2029,18719.83508245877,15610.413793103447,24551.472263868065,27534.278860569713,28676.755622188906,
United Republic of Tanzania,new_infections,2030,14846.30884557721,14356.044977511245,22837.75712143928,26337.328335832084,27454.776611694153,
United Republic of Tanzania,aids_deaths,2020,33367.0293,,,,,
United Republic of Tanzania,aids_deaths,2021,30023.15625,,,,,
United Republic of Tanzania,aids_deaths,2022,28775.78711,,,,,
United Republic of Tanzania,aids_deaths,2023,27194.8916,,,,,
United Republic of Tanzania,aids_deaths,2024,25995.00098,,,,,
United Republic of Tanzania,aids_deaths,2025,20336.323447118073,20317.412702853944,20318.867375489648,20318.867375489648,20318.867375489648,20318.867375489648
United Republic of Tanzania,aids_deaths,2026,18820.554560716286,18699.816731952993,18779.82372691662,18736.18354784555,18744.911583659763,
United Republic of Tanzania,aids_deaths,2027,17968.11639619474,17755.734191382206,17931.74958030218,18966.021824286512,18984.932568550645,
United Republic of Tanzania,aids_deaths,2028,16731.64465584779,16896.02266368215,17083.675433687746,19223.49888080582,19240.954952434247,
United Republic of Tanzania,aids_deaths,2029,15589.726636821488,16327.245663122552,16501.806379406826,19277.321768326805,19288.95914941242,
United Republic of Tanzania,aids_deaths,2030,14638.370733072188,15723.5565193061,15834.111639619474,19219.134862898714,19219.134862898714,
Togo,new_infections,2020,3227.28866,,,,,
Togo,new_infections,2021,3278.83435,,,,,
Togo,new_infections,2022,3212.60578,,,,,
Togo,new_infections,2023,3209.27715,,,,,
Togo,new_infections,2024,3081.29853,,,,,
Togo,new_infections,2025,778.3525641025641,3196.461538461538,3196.9679487179487,3196.9679487179487,3196.9679487179487,3196.9679487179487
Togo,new_infections,2026,680.6153846153845,1756.230769230769,2262.1346153846152,3240.5192307692305,2459.128205128205,
Togo,new_infections,2027,582.8782051282051,1114.6089743589744,1692.929487179487,3281.5384615384614,1978.5448717948716,
Togo,new_infections,2028,489.6987179487179,631.4935897435897,1131.826923076923,3321.5448717948716,1470.1089743589744,
Togo,new_infections,2029,402.0897435897436,273.96794871794873,578.8269230769231,3362.5641025641025,933.8205128205128,
Togo,new_infections,2030,314.4807692307692,247.6346153846154,515.0192307692307,3405.608974358974,863.4294871794872,
Togo,aids_deaths,2020,2249.81738,,,,,
Togo,aids_deaths,2021,2030.3252,,,,,
Togo,aids_deaths,2022,1843.60742,,,,,
Togo,aids_deaths,2023,1912.099,,,,,
Togo,aids_deaths,2024,1829.82983,,,,,
Togo,aids_deaths,2025,1016.4855233853006,1633.5501113585744,1633.5501113585744,1633.5501113585744,1633.5501113585744,1633.5501113585744
Togo,aids_deaths,2026,926.8195991091313,1554.4810690423162,1580.56570155902,1578.935412026726,1564.26280623608,
Togo,aids_deaths,2027,846.935412026726,1437.100222717149,1488.4543429844098,1558.556792873051,1503.1269487750556,
Togo,aids_deaths,2028,754.0089086859688,1168.9175946547884,1224.347438752784,1541.4387527839642,1381.6703786191536,
Togo,aids_deaths,2029,695.3184855233852,684.7216035634743,725.478841870824,1529.2115812917593,917.0378619153674,
Togo,aids_deaths,2030,657.8218262806236,649.6703786191537,687.1670378619153,1519.4298440979956,884.4320712694877,
Uganda,new_infections,2020,47779.89702,,,,,
Uganda,new_infections,2021,48024.72782,,,,,
Uganda,new_infections,2022,45089.53466,,,,,
Uganda,new_infections,2023,40490.22205,,,,,
Uganda,new_infections,2024,36647.74647,,,,,
Uganda,new_infections,2025,32924.79681274901,32924.79681274901,32924.79681274901,32924.79681274901,32924.79681274901,32924.79681274901
Uganda,new_infections,2026,30659.066021627776,29716.532441661926,31535.11383039272,32053.963574274334,33564.88531587934,
Uganda,new_infections,2027,26423.531303358,26095.013375071147,29579.649971542403,31425.6078542971,34725.12720546386,
Uganda,new_infections,2028,21931.178998292544,22748.562891291975,27553.78941377348,30788.126636311896,36056.14627205464,
Uganda,new_infections,2029,17429.701195219124,19756.703187250998,25565.734490608993,30174.110984632898,37619.21371656233,
Uganda,new_infections,2030,12912.579681274901,17414.057484348323,23548.999430848038,29514.46784291406,39383.042117245306,
Uganda,aids_deaths,2020,22148.75684,,,,,
Uganda,aids_deaths,2021,21707.02051,,,,,
Uganda,aids_deaths,2022,21994.64648,,,,,
Uganda,aids_deaths,2023,21180.92969,,,,,
Uganda,aids_deaths,2024,20335.11035,,,,,
Uganda,aids_deaths,2025,18649.502904378907,18649.502904378907,18649.502904378907,18649.502904378907,18649.502904378907,18649.502904378907
Uganda,aids_deaths,2026,18205.791629431038,18254.251563896334,18275.4527852249,18588.927986297287,18610.129207625854,
Uganda,aids_deaths,2027,16761.07983318439,17480.40698540363,17534.92441167709,19070.49858504617,19114.415400655347,
Uganda,aids_deaths,2028,15049.838397378611,16402.17344355079,16465.77710753649,19450.60619600834,19477.864909145068,
Uganda,aids_deaths,2029,13697.503351206433,15316.368036937742,15376.942955019362,19570.24165921954,19524.810470658325,
Uganda,aids_deaths,2030,12663.186624962764,14469.833556747095,14530.408474828715,19762.567024128686,19600.52911826035,
Zambia,new_infections,2020,48432.08048,,,,,
Zambia,new_infections,2021,42244.44263,,,,,
Zambia,new_infections,2022,37632.92197,,,,,
Zambia,new_infections,2023,32613.23435,,,,,
Zambia,new_infections,2024,30399.96591,,,,,
Zambia,new_infections,2025,24860.056114418672,24828.85102306166,24862.13645384247,24860.056114418672,24862.13645384247,24862.13645384247
Zambia,new_infections,2026,23256.114418668312,20749.305412988437,23208.266611920895,23156.258126325876,24379.497707520703,
Zambia,new_infections,2027,22051.59789228769,18363.156093889003,21910.13481146924,21885.170738383633,23846.930815027717,
Zambia,new_infections,2028,20795.07288031205,16170.47834120304,20562.07486484637,20601.601313898584,23291.480188872923,
Zambia,new_infections,2029,19596.797372202836,14225.36097994936,19284.746458632726,19407.486484636967,22842.126873331967,
Zambia,new_infections,2030,18342.352699650997,13166.468213234792,18036.54280435229,18261.219462122768,21679.21713542736,
Zambia,aids_deaths,2020,22405.12109,,,,,
Zambia,aids_deaths,2021,19737.8252,,,,,
Zambia,aids_deaths,2022,18493.479,,,,,
Zambia,aids_deaths,2023,17375.98877,,,,,
Zambia,aids_deaths,2024,16372.74609,,,,,
Zambia,aids_deaths,2025,15405.444022770398,15405.444022770398,15405.444022770398,15405.444022770398,15405.444022770398,15405.444022770398
Zambia,aids_deaths,2026,14936.46046805819,15023.747628083493,15082.925363693865,14729.338393421885,14741.17394054396,
Zambia,aids_deaths,2027,14414.216951296648,14214.492093611638,14329.888678051866,14213.012650221379,14247.039848197344,
Zambia,aids_deaths,2028,13591.646426312462,13313.511068943706,13468.852624920937,13752.905755850728,13812.0834914611,
Zambia,aids_deaths,2029,12968.800759013284,12681.788741302973,12872.636938646427,13322.387729285263,13405.236559139785,
Zambia,aids_deaths,2030,12427.324478178369,12128.476913345983,12329.681214421253,12897.787476280835,12998.389626818469,
Zimbabwe,new_infections,2020,18258.17167,,,,,
Zimbabwe,new_infections,2021,21303.23119,,,,,
Zimbabwe,new_infections,2022,16914.552,,,,,
Zimbabwe,new_infections,2023,15285.83202,,,,,
Zimbabwe,new_infections,2024,14986.87936,,,,,
Zimbabwe,new_infections,2025,14606.26789838337,14606.26789838337,14606.26789838337,14606.26789838337,14606.26789838337,14606.26789838337
Zimbabwe,new_infections,2026,13394.847575057736,13182.230946882217,13945.343341031561,14106.866050808314,14426.615088529637,
Zimbabwe,new_infections,2027,11659.302540415703,11716.98922247883,13198.712856043108,13561.314857582754,14218.943033102385,
Zimbabwe,new_infections,2028,9943.535796766742,10360.528098537336,12470.21247113164,13024.004618937643,14016.215550423402,
Zimbabwe,new_infections,2029,8254.14010777521,9088.124711316397,11718.637413394918,12442.193225558121,13757.449576597382,
Zimbabwe,new_infections,2030,6635.6166281755195,7917.909160892994,10968.710546574288,11835.65896843726,13464.071593533487,
Zimbabwe,aids_deaths,2020,22090.2002,,,,,
Zimbabwe,aids_deaths,2021,20128.84473,,,,,
Zimbabwe,aids_deaths,2022,19502.02246,,,,,
Zimbabwe,aids_deaths,2023,17933.61719,,,,,
Zimbabwe,aids_deaths,2024,16723.03711,,,,,
Zimbabwe,aids_deaths,2025,16387.21047803486,16387.21047803486,16387.21047803486,16387.21047803486,16387.21047803486,16387.21047803486
Zimbabwe,aids_deaths,2026,16042.898379370095,16138.35123840587,16141.76026908572,16175.850575884211,16177.555091224136,
Zimbabwe,aids_deaths,2027,15369.614820099889,15969.604219753339,15981.53582713281,16022.444195291,16030.966771990623,
Zimbabwe,aids_deaths,2028,13980.43481806136,15108.823973091428,15110.528488431353,15741.199164203445,15749.721740903069,
Zimbabwe,aids_deaths,2029,13002.043012944654,14437.244929161147,14411.677199062276,15306.54775252268,15309.956783202528,
Zimbabwe,aids_deaths,2030,12258.87432473754,13931.003873203548,13864.52777494649,14933.258893079197,14924.736316379574,
